<?xml version="1.0" encoding="UTF-8" ?>
<JavaBean xmlns="http://xmlns.oracle.com/adfm/beanmodel" version="12.1.3.10.8" id="flexfieldMappingType"
          Package="ViewController_StartContract" BeanClass="ViewController_StartContract.flexfieldMappingType"
          isJavaBased="false">
  <Attribute Name="attributeLabel" Type="java.lang.String">
    <Properties>
      <CustomProperties>
        <Property Name="nextSiblingNamespace" Value="http://xmlns.oracle.com/bpel/workflow/task"/>
        <Property Name="nextSibling" Value="flexfield"/>
        <Property Name="minOccurs" Value="1"/>
        <Property Name="maxOccurs" Value="1"/>
        <Property Name="LABEL" Value="Attribute Label"/>
        <Property Name="LeafElement_hint" Value="LeafElement_no_attribute"/>
        <Property Name="nillable" Value="false"/>
        <Property Name="originalName" Value="attributeLabel"/>
        <Property Name="targetNamespace" Value="http://xmlns.oracle.com/bpel/workflow/task"/>
        <Property Name="type" Value="java.lang.String"/>
      </CustomProperties>
    </Properties>
  </Attribute>
  <Attribute Name="flexfield" Type="java.lang.String">
    <Properties>
      <CustomProperties>
        <Property Name="nextSiblingNamespace" Value="http://xmlns.oracle.com/bpel/workflow/task"/>
        <Property Name="nextSibling" Value="description"/>
        <Property Name="minOccurs" Value="1"/>
        <Property Name="maxOccurs" Value="1"/>
        <Property Name="LABEL" Value="Flexfield"/>
        <Property Name="LeafElement_hint" Value="LeafElement_no_attribute"/>
        <Property Name="nillable" Value="false"/>
        <Property Name="originalName" Value="flexfield"/>
        <Property Name="targetNamespace" Value="http://xmlns.oracle.com/bpel/workflow/task"/>
        <Property Name="type" Value="java.lang.String"/>
      </CustomProperties>
    </Properties>
  </Attribute>
  <Attribute Name="description" Type="java.lang.String">
    <Properties>
      <CustomProperties>
        <Property Name="minOccurs" Value="0"/>
        <Property Name="maxOccurs" Value="1"/>
        <Property Name="LABEL" Value="Description"/>
        <Property Name="LeafElement_hint" Value="LeafElement_no_attribute"/>
        <Property Name="nillable" Value="false"/>
        <Property Name="originalName" Value="description"/>
        <Property Name="targetNamespace" Value="http://xmlns.oracle.com/bpel/workflow/task"/>
        <Property Name="type" Value="java.lang.String"/>
      </CustomProperties>
    </Properties>
  </Attribute>
</JavaBean>
