<?xml version = '1.0' encoding = 'UTF-8'?>
<task-flow-registry xmlns="http://xmlns.oracle.com/adf/controller/rc">
   <task-flow-descriptor path="META-INF/adfc-config.xml" id="" type="" uses-page-fragments="false" library-internal="false" remote-invocable="false" train="false" critical="false" page-type="jsp"/>
   <task-flow-descriptor path="WEB-INF/ProcessIntitiationTF.xml" id="ProcessIntitiationTF" type="task-flow-definition" uses-page-fragments="true" library-internal="false" remote-invocable="false" train="false" critical="false" page-type="jsp">
      <input-parameter name="RenderView"/>
   </task-flow-descriptor>
   <task-flow-descriptor path="WEB-INF/POWorkSpaceTF.xml" id="POWorkSpaceTF" type="task-flow-definition" uses-page-fragments="true" library-internal="false" remote-invocable="false" train="false" critical="false" page-type="jsp">
      <input-parameter name="taskId"/>
      <input-parameter name="refreshParam"/>
      <input-parameter name="viewType"/>
   </task-flow-descriptor>
</task-flow-registry>