<?xml version="1.0" encoding="UTF-8" standalone="yes"?>
<?oracleBPM version="12.1.3.0.0.00.00" fileRevision="20120601"?>
<processDocumentation xmlns="http://xmlns.oracle.com/bpm/taskMetadataService/processDocumentation">
   <component name="ContractProcess">
      <topicDocumentations>
         <topicDocumentation name="ContractProcess"/>
         <topicDocumentation name="ACT12827908675786">
            <labels>
               <label locale="en">Initiate Quote </label>
            </labels>
            <descriptions>
               <description locale="en"></description>
            </descriptions>
         </topicDocumentation>
         <topicDocumentation name="ACT13042796209135">
            <labels>
               <label locale="en">Directors Approval</label>
            </labels>
            <descriptions>
               <description locale="en"></description>
            </descriptions>
         </topicDocumentation>
         <topicDocumentation name="ACT13051143756974">
            <labels>
               <label locale="en">V P Approval</label>
            </labels>
            <descriptions>
               <description locale="en"></description>
            </descriptions>
         </topicDocumentation>
         <topicDocumentation name="ACT13051357637759">
            <labels>
               <label locale="en">Initiate Contract</label>
            </labels>
            <descriptions>
               <description locale="en"></description>
            </descriptions>
         </topicDocumentation>
         <topicDocumentation name="ACT13051390871947">
            <labels>
               <label locale="en">Review Contract</label>
            </labels>
            <descriptions>
               <description locale="en"></description>
            </descriptions>
         </topicDocumentation>
         <topicDocumentation name="ACT13051415248578">
            <labels>
               <label locale="en">CA Sign Document</label>
            </labels>
            <descriptions>
               <description locale="en"></description>
            </descriptions>
         </topicDocumentation>
         <topicDocumentation name="ACT13051425085676">
            <labels>
               <label locale="en">Get QuoteNo</label>
            </labels>
            <descriptions>
               <description locale="en"></description>
            </descriptions>
         </topicDocumentation>
         <topicDocumentation name="ACT13060070388484">
            <labels>
               <label locale="en">Quote to Contract</label>
            </labels>
            <descriptions>
               <description locale="en"></description>
            </descriptions>
         </topicDocumentation>
         <topicDocumentation name="ACT13062614818873">
            <labels>
               <label locale="en">users copy</label>
            </labels>
            <descriptions>
               <description locale="en"></description>
            </descriptions>
         </topicDocumentation>
         <topicDocumentation name="EVT12827908675645">
            <labels>
               <label locale="en">Start</label>
            </labels>
         </topicDocumentation>
         <topicDocumentation name="EVT13042192453151">
            <labels>
               <label locale="en">End1</label>
            </labels>
            <descriptions>
               <description locale="en"></description>
            </descriptions>
         </topicDocumentation>
         <topicDocumentation name="EVT13053566670936">
            <labels>
               <label locale="en">End</label>
            </labels>
            <descriptions>
               <description locale="en"></description>
            </descriptions>
         </topicDocumentation>
         <topicDocumentation name="EVT13053574663495">
            <labels>
               <label locale="en">End</label>
            </labels>
            <descriptions>
               <description locale="en"></description>
            </descriptions>
         </topicDocumentation>
         <topicDocumentation name="GTW13053564147051">
            <labels>
               <label locale="en">Approved ?</label>
            </labels>
            <descriptions>
               <description locale="en"></description>
            </descriptions>
         </topicDocumentation>
         <topicDocumentation name="GTW1305357166362">
            <labels>
               <label locale="en">Approved ?</label>
            </labels>
            <descriptions>
               <description locale="en"></description>
            </descriptions>
         </topicDocumentation>
         <topicDocumentation name="GTW13060035911889">
            <labels>
               <label locale="en">Approved ?</label>
            </labels>
            <descriptions>
               <description locale="en"></description>
            </descriptions>
         </topicDocumentation>
         <topicDocumentation name="sf12827908675755"/>
         <topicDocumentation name="sf13042800795245"/>
         <topicDocumentation name="sf1305125792323"/>
         <topicDocumentation name="sf13051381995765"/>
         <topicDocumentation name="sf1305139531723"/>
         <topicDocumentation name="sf13051421502553"/>
         <topicDocumentation name="sf13051423432084"/>
         <topicDocumentation name="sf13051428506412"/>
         <topicDocumentation name="sf13053565536362"/>
         <topicDocumentation name="sf13053567791281">
            <labels>
               <label locale="en"></label>
            </labels>
            <descriptions>
               <description locale="en"></description>
            </descriptions>
         </topicDocumentation>
         <topicDocumentation name="sf13053572854247"/>
         <topicDocumentation name="sf1305357594719">
            <labels>
               <label locale="en"></label>
            </labels>
            <descriptions>
               <description locale="en"></description>
            </descriptions>
         </topicDocumentation>
         <topicDocumentation name="sf1306003727920"/>
         <topicDocumentation name="sf13060038774698">
            <labels>
               <label locale="en"></label>
            </labels>
            <descriptions>
               <description locale="en"></description>
            </descriptions>
         </topicDocumentation>
         <topicDocumentation name="sf13060088970517"/>
         <topicDocumentation name="sf13062624428365"/>
      </topicDocumentations>
   </component>
</processDocumentation>