<?xml version="1.0" encoding="UTF-8"?>
<tas:taskFormUiContext xmlns:tas="http://xmlns.oracle.com/taskformui">
  <tas:taskFormName>InitiatorHumanTask_Form</tas:taskFormName>
  <tas:taskFlowName>InitiatorHumanTask_TaskFlow</tas:taskFlowName>
  <tas:templateType>packaged</tas:templateType>
  <tas:packagedTemplate>default</tas:packagedTemplate>
  <tas:header>
    <tas:headerCustomActions>true</tas:headerCustomActions>
    <tas:headerSystemActions>true</tas:headerSystemActions>
    <tas:headerColumnCount>1</tas:headerColumnCount>
    <tas:headerAttribList/>
  </tas:header>
  <tas:body>
    <tas:title/>
    <tas:rowList>
      <tas:row>
        <tas:column>
          <tas:attrib>Input.Header.Cash_counter</tas:attrib>
          <tas:attrib>Input.Header.GL_account</tas:attrib>
          <tas:attrib>Input.Header.Requested_By</tas:attrib>
          <tas:attrib>Input.Header.Purchase_order_num</tas:attrib>
          <tas:attrib>Input.Header.vendor_name</tas:attrib>
          <tas:attrib>Input.Header.Date_requested</tas:attrib>
          <tas:attrib>Input.Header.New_vendor</tas:attrib>
          <tas:attrib>Input.Header.Date_required</tas:attrib>
          <tas:attrib>Input.Header.Vendor_email</tas:attrib>
          <tas:attrib>Input.Header.vendor_contact</tas:attrib>
          <tas:attrib>Input.Header.Vendor_phone</tas:attrib>
          <tas:attrib>Input.Header.Total</tas:attrib>
          <tas:attrib>Input.Header.Operating_Unit</tas:attrib>
          <tas:attrib>Input.Header.Number</tas:attrib>
          <tas:attrib>Input.Header.Type</tas:attrib>
          <tas:attrib>Input.Header.Peparer</tas:attrib>
          <tas:attrib>Input.Header.Description</tas:attrib>
          <tas:attrib>Input.Header.Status</tas:attrib>
          <tas:attrib>Input.Header.Destination_Type</tas:attrib>
          <tas:attrib>Input.Header.Source</tas:attrib>
          <tas:attrib>Input.Header.Requester</tas:attrib>
          <tas:attrib>Input.Header.Suplier</tas:attrib>
          <tas:attrib>Input.Header.Organization</tas:attrib>
          <tas:attrib>Input.Header.Site</tas:attrib>
          <tas:attrib>Input.Header.Location</tas:attrib>
          <tas:attrib>Input.Header.Contact</tas:attrib>
          <tas:attrib>Input.Header.Subinventory</tas:attrib>
          <tas:attrib>Input.Header.Phone</tas:attrib>
          <tas:attrib>Input.Attachment.Description</tas:attrib>
          <tas:attrib>Input.Lines.Num</tas:attrib>
          <tas:attrib>Input.Lines.Type</tas:attrib>
          <tas:attrib>Input.Lines.Item</tas:attrib>
          <tas:attrib>Input.Lines.Rev</tas:attrib>
          <tas:attrib>Input.Lines.Category</tas:attrib>
          <tas:attrib>Input.Lines.Description</tas:attrib>
          <tas:attrib>Input.Lines.UOM</tas:attrib>
          <tas:attrib>Input.Currency.Num</tas:attrib>
          <tas:attrib>Input.Currency.Type</tas:attrib>
          <tas:attrib>Input.Currency.Item</tas:attrib>
          <tas:attrib>Input.Currency.Rev</tas:attrib>
          <tas:attrib>Input.Currency.Category</tas:attrib>
          <tas:attrib>Input.Currency.Description</tas:attrib>
          <tas:attrib>Input.Currency.UOM</tas:attrib>
          <tas:attrib>Input.Source_Details.Num</tas:attrib>
          <tas:attrib>Input.Source_Details.Note_to_Buyer</tas:attrib>
          <tas:attrib>Input.Source_Details.Buyer</tas:attrib>
          <tas:attrib>Input.Source_Details.RFQ_reqired</tas:attrib>
          <tas:attrib>Input.Source_Details.Supplier_item</tas:attrib>
          <tas:attrib>Input.Source_Details.Document_Type</tas:attrib>
          <tas:attrib>Input.Details.Num</tas:attrib>
          <tas:attrib>Input.Details.Urgent</tas:attrib>
          <tas:attrib>Input.Details.Justification</tas:attrib>
          <tas:attrib>Input.Details.Note_to_receiver</tas:attrib>
          <tas:attrib>Input.Details.Transaction_Nature</tas:attrib>
          <tas:attrib>Input.Item_Details.Quantity</tas:attrib>
          <tas:attrib>Input.Item_Details.Item_Description</tas:attrib>
          <tas:attrib>Input.Item_Details.Estimated_price</tas:attrib>
          <tas:attrib>Input.Item_Details.Extended_price</tas:attrib>
          <tas:attrib>Input.Item_Details.Request_Reason</tas:attrib>
          <tas:attrib>Input.Related_Links.Name</tas:attrib>
        </tas:column>
      </tas:row>
    </tas:rowList>
  </tas:body>
  <tas:footer>
    <tas:comments>true</tas:comments>
    <tas:attachments>true</tas:attachments>
    <tas:history>true</tas:history>
  </tas:footer>
</tas:taskFormUiContext>