<?xml version="1.0" encoding="UTF-8" ?>
<JavaBean xmlns="http://xmlns.oracle.com/adfm/beanmodel" version="12.1.3.10.8" id="InitiateQuotePayloadType"
          Package="ViewController_InitiateQuote" BeanClass="ViewController_InitiateQuote.InitiateQuotePayloadType"
          isJavaBased="false">
  <AccessorAttribute id="Input_Quote" IsCollection="true" BeanClass="ViewController_InitiateQuote.Input_Quote"
                     CollectionBeanClass="ViewController_InitiateQuote.Input_Quote_Input_Quote_Operations">
    <Properties>
      <Property Name="minOccurs" Value="1"/>
      <Property Name="maxOccurs" Value="1"/>
      <Property Name="LABEL" Value="Input Quote"/>
      <Property Name="nillable" Value="false"/>
      <Property Name="originalName" Value="Input_Quote"/>
      <Property Name="targetNamespace" Value="http://www.contractmanagement.org"/>
    </Properties>
  </AccessorAttribute>
</JavaBean>
