<?xml version="1.0" encoding="UTF-8" ?>
<!-- Generated by Oracle SOA Modeler version 12.1.3.0.0 at [4/7/15 2:27 PM]. -->
<composite name="POC_US_BPM"
           revision="2.0"
           label="2015-04-07_14-27-29_427"
           mode="active"
           state="on"
           xmlns="http://xmlns.oracle.com/sca/1.0"
           xmlns:xs="http://www.w3.org/2001/XMLSchema"
           xmlns:wsp="http://schemas.xmlsoap.org/ws/2004/09/policy"
           xmlns:orawsp="http://schemas.oracle.com/ws/2006/01/policy"
           xmlns:ui="http://xmlns.oracle.com/soa/designer/"
           xmlns:sca-ext="http://xmlns.oracle.com/sca/1.0-ext">
  <import namespace="http://xmlns.oracle.com/bpel/workflow/taskService"
          location="oramds:/soa/shared/workflow/TaskServiceInterface.wsdl" importType="wsdl"/>
  <import namespace="http://xmlns.oracle.com/ias/pcbpel/NotificationService"
          location="oramds:/soa/shared/workflow/NotificationService.wsdl" importType="wsdl"/>
  <import namespace="http://xmlns.oracle.com/TotalAmountOracleRules1/TotalAmountOracleRules1_DecisionService_1"
          location="WSDLs/TotalAmountOracleRules1_DecisionService_1.wsdl" importType="wsdl"/>
  <import namespace="http://xmlns.oracle.com/pcbpel/adapter/db/POC_US_BPM/POC_US_BPM/GetReqNo"
          location="WSDLs/GetReqNo.wsdl" importType="wsdl"/>
  <service name="client" ui:wsdlLocation="oramds:/soa/shared/workflow/TaskServiceInterface.wsdl">
    <interface.wsdl interface="http://xmlns.oracle.com/bpel/workflow/taskService#wsdl.interface(TaskService)"
                    callbackInterface="http://xmlns.oracle.com/bpel/workflow/taskService#wsdl.interface(TaskServiceCallback)"/>
    <binding.ws port="http://xmlns.oracle.com/bpel/workflow/taskService#wsdl.endpoint(client/TaskService_pt)"/>
    <callback>
      <binding.ws port="http://xmlns.oracle.com/bpel/workflow/taskService#wsdl.endpoint(client/TaskServiceCallback_pt)"/>
    </callback>
  </service>
  <service name="client_2" ui:wsdlLocation="oramds:/soa/shared/workflow/TaskServiceInterface.wsdl">
    <interface.wsdl interface="http://xmlns.oracle.com/bpel/workflow/taskService#wsdl.interface(TaskService)"
                    callbackInterface="http://xmlns.oracle.com/bpel/workflow/taskService#wsdl.interface(TaskServiceCallback)"/>
    <binding.ws port="http://xmlns.oracle.com/bpel/workflow/taskService#wsdl.endpoint(client/TaskService_pt)"/>
    <callback>
      <binding.ws port="http://xmlns.oracle.com/bpel/workflow/taskService#wsdl.endpoint(client/TaskServiceCallback_pt)"/>
    </callback>
  </service>
  <service name="TotalAmountOracleRules1_DecisionService_1_ep"
           ui:wsdlLocation="WSDLs/TotalAmountOracleRules1_DecisionService_1.wsdl">
    <interface.wsdl interface="http://xmlns.oracle.com/TotalAmountOracleRules1/TotalAmountOracleRules1_DecisionService_1#wsdl.interface(IDecisionService)"/>
    <binding.ws port="http://xmlns.oracle.com/TotalAmountOracleRules1/TotalAmountOracleRules1_DecisionService_1#wsdl.endpoint(TotalAmountOracleRules1_DecisionService_1_ep/IDecisionService_pt)"/>
  </service>
  <property name="productVersion" type="xs:string" many="false">12.1.3.0.0</property>
  <property name="compositeID" type="xs:string" many="false">06a19583-9020-4821-9406-60c348804cd1</property>
  <component name="EditableHumanTask">
    <implementation.workflow src="HumanTasks/EditableHumanTask.task"/>
    <componentType>
      <service name="client" ui:wsdlLocation="oramds:/soa/shared/workflow/TaskServiceInterface.wsdl">
        <interface.wsdl interface="http://xmlns.oracle.com/bpel/workflow/taskService#wsdl.interface(TaskService)"
                        callbackInterface="http://xmlns.oracle.com/bpel/workflow/taskService#wsdl.interface(TaskServiceCallback)"/>
      </service>
      <service name="TaskService" ui:wsdlLocation="oramds:/soa/shared/workflow/TaskServiceInterface.wsdl">
        <interface.wsdl interface="http://xmlns.oracle.com/bpel/workflow/taskService#wsdl.interface(TaskService)"
                        callbackInterface="http://xmlns.oracle.com/bpel/workflow/taskService#wsdl.interface(TaskServiceCallback)"/>
      </service>
    </componentType>
  </component>
  <component name="NonEditableHumantask">
    <implementation.workflow src="HumanTasks/NonEditableHumantask.task"/>
    <componentType>
      <service name="client" ui:wsdlLocation="oramds:/soa/shared/workflow/TaskServiceInterface.wsdl">
        <interface.wsdl interface="http://xmlns.oracle.com/bpel/workflow/taskService#wsdl.interface(TaskService)"
                        callbackInterface="http://xmlns.oracle.com/bpel/workflow/taskService#wsdl.interface(TaskServiceCallback)"/>
      </service>
      <service name="TaskService" ui:wsdlLocation="oramds:/soa/shared/workflow/TaskServiceInterface.wsdl">
        <interface.wsdl interface="http://xmlns.oracle.com/bpel/workflow/taskService#wsdl.interface(TaskService)"
                        callbackInterface="http://xmlns.oracle.com/bpel/workflow/taskService#wsdl.interface(TaskServiceCallback)"/>
      </service>
    </componentType>
  </component>
  <component name="InitiatorHumanTask">
    <implementation.workflow src="HumanTasks/InitiatorHumanTask.task"/>
    <componentType>
      <service name="TaskService" ui:wsdlLocation="oramds:/soa/shared/workflow/TaskServiceInterface.wsdl">
        <interface.wsdl interface="http://xmlns.oracle.com/bpel/workflow/taskService#wsdl.interface(TaskService)"
                        callbackInterface="http://xmlns.oracle.com/bpel/workflow/taskService#wsdl.interface(TaskServiceCallback)"/>
      </service>
    </componentType>
  </component>
  <component name="TotalAmountOracleRules1">
    <implementation.decision src="TotalAmountOracleRules1.decs"/>
    <componentType>
      <service name="TotalAmountOracleRules1_DecisionService_1"
               ui:wsdlLocation="WSDLs/TotalAmountOracleRules1_DecisionService_1.wsdl">
        <interface.wsdl interface="http://xmlns.oracle.com/TotalAmountOracleRules1/TotalAmountOracleRules1_DecisionService_1#wsdl.interface(IDecisionService)"/>
      </service>
    </componentType>
  </component>
  <component name="CreatePurchaseOrder">
    <implementation.bpmn src="processes/CreatePurchaseOrder.bpmn"/>
    <componentType>
      <reference name="Services.Externals.GetReqNo.reference" ui:wsdlLocation="WSDLs/GetReqNo.wsdl">
        <interface.wsdl interface="http://xmlns.oracle.com/pcbpel/adapter/db/POC_US_BPM/POC_US_BPM/GetReqNo#wsdl.interface(GetReqNo_ptt)"/>
      </reference>
      <reference name="HumanTasks.NonEditableHumantask.reference"
                 ui:wsdlLocation="oramds:/soa/shared/workflow/TaskServiceInterface.wsdl">
        <interface.wsdl interface="http://xmlns.oracle.com/bpel/workflow/taskService#wsdl.interface(TaskService)"
                        callbackInterface="http://xmlns.oracle.com/bpel/workflow/taskService#wsdl.interface(TaskServiceCallback)"/>
      </reference>
      <reference name="HumanTasks.EditableHumanTask.reference"
                 ui:wsdlLocation="oramds:/soa/shared/workflow/TaskServiceInterface.wsdl">
        <interface.wsdl interface="http://xmlns.oracle.com/bpel/workflow/taskService#wsdl.interface(TaskService)"
                        callbackInterface="http://xmlns.oracle.com/bpel/workflow/taskService#wsdl.interface(TaskServiceCallback)"/>
      </reference>
      <reference name="NotificationService.ACT12671148595817"
                 ui:wsdlLocation="oramds:/soa/shared/workflow/NotificationService.wsdl">
        <interface.wsdl interface="http://xmlns.oracle.com/ias/pcbpel/NotificationService#wsdl.interface(NotificationService)"/>
      </reference>
      <reference name="NotificationService.ACT12671152400795"
                 ui:wsdlLocation="oramds:/soa/shared/workflow/NotificationService.wsdl">
        <interface.wsdl interface="http://xmlns.oracle.com/ias/pcbpel/NotificationService#wsdl.interface(NotificationService)"/>
      </reference>
      <reference name="NotificationService.ACT12672276866543"
                 ui:wsdlLocation="oramds:/soa/shared/workflow/NotificationService.wsdl">
        <interface.wsdl interface="http://xmlns.oracle.com/ias/pcbpel/NotificationService#wsdl.interface(NotificationService)"/>
      </reference>
      <reference name="NotificationService.ACT12672287804079"
                 ui:wsdlLocation="oramds:/soa/shared/workflow/NotificationService.wsdl">
        <interface.wsdl interface="http://xmlns.oracle.com/ias/pcbpel/NotificationService#wsdl.interface(NotificationService)"/>
      </reference>
      <reference name="NotificationService.ACT12672544571081"
                 ui:wsdlLocation="oramds:/soa/shared/workflow/NotificationService.wsdl">
        <interface.wsdl interface="http://xmlns.oracle.com/ias/pcbpel/NotificationService#wsdl.interface(NotificationService)"/>
      </reference>
      <reference name="NotificationService.ACT12672545660835"
                 ui:wsdlLocation="oramds:/soa/shared/workflow/NotificationService.wsdl">
        <interface.wsdl interface="http://xmlns.oracle.com/ias/pcbpel/NotificationService#wsdl.interface(NotificationService)"/>
      </reference>
      <reference name="HumanTasks.InitiatorHumanTask.reference"
                 ui:wsdlLocation="oramds:/soa/shared/workflow/TaskServiceInterface.wsdl">
        <interface.wsdl interface="http://xmlns.oracle.com/bpel/workflow/taskService#wsdl.interface(TaskService)"
                        callbackInterface="http://xmlns.oracle.com/bpel/workflow/taskService#wsdl.interface(TaskServiceCallback)"/>
      </reference>
      <reference name="Rules.POC_US_BPM.TotalAmountOracleRules1.DecisionService_1.reference"
                 ui:wsdlLocation="WSDLs/TotalAmountOracleRules1_DecisionService_1.wsdl">
        <interface.wsdl interface="http://xmlns.oracle.com/TotalAmountOracleRules1/TotalAmountOracleRules1_DecisionService_1#wsdl.interface(IDecisionService)"/>
      </reference>
      <reference name="NotificationService.ACT1294187938280"
                 ui:wsdlLocation="oramds:/soa/shared/workflow/NotificationService.wsdl">
        <interface.wsdl interface="http://xmlns.oracle.com/ias/pcbpel/NotificationService#wsdl.interface(NotificationService)"/>
      </reference>
      <reference name="NotificationService.ACT12946768341790"
                 ui:wsdlLocation="oramds:/soa/shared/workflow/NotificationService.wsdl">
        <interface.wsdl interface="http://xmlns.oracle.com/ias/pcbpel/NotificationService#wsdl.interface(NotificationService)"/>
      </reference>
      <reference name="NotificationService.ACT12975213039630"
                 ui:wsdlLocation="oramds:/soa/shared/workflow/NotificationService.wsdl">
        <interface.wsdl interface="http://xmlns.oracle.com/ias/pcbpel/NotificationService#wsdl.interface(NotificationService)"/>
      </reference>
      <reference name="NotificationService.ACT12985118709054"
                 ui:wsdlLocation="oramds:/soa/shared/workflow/NotificationService.wsdl">
        <interface.wsdl interface="http://xmlns.oracle.com/ias/pcbpel/NotificationService#wsdl.interface(NotificationService)"/>
      </reference>
      <reference name="NotificationService.ACT12985204801259"
                 ui:wsdlLocation="oramds:/soa/shared/workflow/NotificationService.wsdl">
        <interface.wsdl interface="http://xmlns.oracle.com/ias/pcbpel/NotificationService#wsdl.interface(NotificationService)"/>
      </reference>
      <reference name="NotificationService.ACT12985278791122"
                 ui:wsdlLocation="oramds:/soa/shared/workflow/NotificationService.wsdl">
        <interface.wsdl interface="http://xmlns.oracle.com/ias/pcbpel/NotificationService#wsdl.interface(NotificationService)"/>
      </reference>
      <reference name="NotificationService.ACT12985319050065"
                 ui:wsdlLocation="oramds:/soa/shared/workflow/NotificationService.wsdl">
        <interface.wsdl interface="http://xmlns.oracle.com/ias/pcbpel/NotificationService#wsdl.interface(NotificationService)"/>
      </reference>
      <reference name="NotificationService.ACT12985366016812"
                 ui:wsdlLocation="oramds:/soa/shared/workflow/NotificationService.wsdl">
        <interface.wsdl interface="http://xmlns.oracle.com/ias/pcbpel/NotificationService#wsdl.interface(NotificationService)"/>
      </reference>
    </componentType>
    <property name="bpel.config.oneWayDeliveryPolicy" type="xs:string" many="false">sync</property>
    <property name="bpel.config.transaction" type="xs:string" many="false">required</property>
  </component>
  <component name="ContractProcess">
    <implementation.bpmn src="processes/ContractProcess.bpmn"/>
    <componentType>
      <reference name="Services.Externals.GetReqNo.reference" ui:wsdlLocation="WSDLs/GetReqNo.wsdl">
        <interface.wsdl interface="http://xmlns.oracle.com/pcbpel/adapter/db/POC_US_BPM/POC_US_BPM/GetReqNo#wsdl.interface(GetReqNo_ptt)"/>
      </reference>
      <reference name="HumanTasks.ApproveQuote.reference"
                 ui:wsdlLocation="oramds:/soa/shared/workflow/TaskServiceInterface.wsdl">
        <interface.wsdl interface="http://xmlns.oracle.com/bpel/workflow/taskService#wsdl.interface(TaskService)"
                        callbackInterface="http://xmlns.oracle.com/bpel/workflow/taskService#wsdl.interface(TaskServiceCallback)"/>
      </reference>
      <reference name="HumanTasks.InitiateQuote.reference"
                 ui:wsdlLocation="oramds:/soa/shared/workflow/TaskServiceInterface.wsdl">
        <interface.wsdl interface="http://xmlns.oracle.com/bpel/workflow/taskService#wsdl.interface(TaskService)"
                        callbackInterface="http://xmlns.oracle.com/bpel/workflow/taskService#wsdl.interface(TaskServiceCallback)"/>
      </reference>
      <reference name="HumanTasks.StartContract.reference"
                 ui:wsdlLocation="oramds:/soa/shared/workflow/TaskServiceInterface.wsdl">
        <interface.wsdl interface="http://xmlns.oracle.com/bpel/workflow/taskService#wsdl.interface(TaskService)"
                        callbackInterface="http://xmlns.oracle.com/bpel/workflow/taskService#wsdl.interface(TaskServiceCallback)"/>
      </reference>
    </componentType>
    <property name="bpel.config.oneWayDeliveryPolicy" type="xs:string" many="false">sync</property>
    <property name="bpel.config.transaction" type="xs:string" many="false">required</property>
  </component>
  <component name="ApproveQuote">
    <implementation.workflow src="HumanTasks/ApproveQuote.task"/>
    <componentType>
      <service name="TaskService" ui:wsdlLocation="oramds:/soa/shared/workflow/TaskServiceInterface.wsdl">
        <interface.wsdl interface="http://xmlns.oracle.com/bpel/workflow/taskService#wsdl.interface(TaskService)"
                        callbackInterface="http://xmlns.oracle.com/bpel/workflow/taskService#wsdl.interface(TaskServiceCallback)"/>
      </service>
    </componentType>
  </component>
  <component name="InitiateQuote">
    <implementation.workflow src="HumanTasks/InitiateQuote.task"/>
    <componentType>
      <service name="TaskService" ui:wsdlLocation="oramds:/soa/shared/workflow/TaskServiceInterface.wsdl">
        <interface.wsdl interface="http://xmlns.oracle.com/bpel/workflow/taskService#wsdl.interface(TaskService)"
                        callbackInterface="http://xmlns.oracle.com/bpel/workflow/taskService#wsdl.interface(TaskServiceCallback)"/>
      </service>
    </componentType>
  </component>
  <component name="StartContract">
    <implementation.workflow src="HumanTasks/StartContract.task"/>
    <componentType>
      <service name="TaskService" ui:wsdlLocation="oramds:/soa/shared/workflow/TaskServiceInterface.wsdl">
        <interface.wsdl interface="http://xmlns.oracle.com/bpel/workflow/taskService#wsdl.interface(TaskService)"
                        callbackInterface="http://xmlns.oracle.com/bpel/workflow/taskService#wsdl.interface(TaskServiceCallback)"/>
      </service>
    </componentType>
  </component>
  <reference name="BPM-NotificationService" ui:wsdlLocation="oramds:/soa/shared/workflow/NotificationService.wsdl">
    <interface.wsdl interface="http://xmlns.oracle.com/ias/pcbpel/NotificationService#wsdl.interface(NotificationService)"/>
    <binding.wsif port="http://xmlns.oracle.com/ias/pcbpel/NotificationService#wsdl.endpoint(NotificationService/JavaPort)"
                  location="oramds:/soa/shared/workflow/NotificationService.wsdl"/>
  </reference>
  <reference name="GetReqNo" ui:wsdlLocation="WSDLs/GetReqNo.wsdl">
    <interface.wsdl interface="http://xmlns.oracle.com/pcbpel/adapter/db/POC_US_BPM/POC_US_BPM/GetReqNo#wsdl.interface(GetReqNo_ptt)"/>
    <binding.jca config="Adapters/GetReqNo_db.jca"/>
    <property name="jca.retry.count" type="xs:int" many="false" override="may">4</property>
    <property name="jca.retry.interval" type="xs:int" many="false" override="may">1</property>
    <property name="jca.retry.backoff" type="xs:int" many="false" override="may">2</property>
    <property name="jca.retry.maxInterval" type="xs:int" many="false" override="may">120</property>
  </reference>
  <wire>
    <source.uri>client</source.uri>
    <target.uri>EditableHumanTask/client</target.uri>
  </wire>
  <wire>
    <source.uri>client_2</source.uri>
    <target.uri>NonEditableHumantask/client</target.uri>
  </wire>
  <wire>
    <source.uri>TotalAmountOracleRules1_DecisionService_1_ep</source.uri>
    <target.uri>TotalAmountOracleRules1/TotalAmountOracleRules1_DecisionService_1</target.uri>
  </wire>
  <wire>
    <source.uri>CreatePurchaseOrder/Services.Externals.GetReqNo.reference</source.uri>
    <target.uri>GetReqNo</target.uri>
  </wire>
  <wire>
    <source.uri>CreatePurchaseOrder/HumanTasks.NonEditableHumantask.reference</source.uri>
    <target.uri>NonEditableHumantask/TaskService</target.uri>
  </wire>
  <wire>
    <source.uri>CreatePurchaseOrder/HumanTasks.EditableHumanTask.reference</source.uri>
    <target.uri>EditableHumanTask/TaskService</target.uri>
  </wire>
  <wire>
    <source.uri>CreatePurchaseOrder/NotificationService.ACT12671148595817</source.uri>
    <target.uri>BPM-NotificationService</target.uri>
  </wire>
  <wire>
    <source.uri>CreatePurchaseOrder/NotificationService.ACT12671152400795</source.uri>
    <target.uri>BPM-NotificationService</target.uri>
  </wire>
  <wire>
    <source.uri>CreatePurchaseOrder/NotificationService.ACT12672276866543</source.uri>
    <target.uri>BPM-NotificationService</target.uri>
  </wire>
  <wire>
    <source.uri>CreatePurchaseOrder/NotificationService.ACT12672287804079</source.uri>
    <target.uri>BPM-NotificationService</target.uri>
  </wire>
  <wire>
    <source.uri>CreatePurchaseOrder/NotificationService.ACT12672544571081</source.uri>
    <target.uri>BPM-NotificationService</target.uri>
  </wire>
  <wire>
    <source.uri>CreatePurchaseOrder/NotificationService.ACT12672545660835</source.uri>
    <target.uri>BPM-NotificationService</target.uri>
  </wire>
  <wire>
    <source.uri>CreatePurchaseOrder/HumanTasks.InitiatorHumanTask.reference</source.uri>
    <target.uri>InitiatorHumanTask/TaskService</target.uri>
  </wire>
  <wire>
    <source.uri>CreatePurchaseOrder/Rules.POC_US_BPM.TotalAmountOracleRules1.DecisionService_1.reference</source.uri>
    <target.uri>TotalAmountOracleRules1/TotalAmountOracleRules1_DecisionService_1</target.uri>
  </wire>
  <wire>
    <source.uri>CreatePurchaseOrder/NotificationService.ACT1294187938280</source.uri>
    <target.uri>BPM-NotificationService</target.uri>
  </wire>
  <wire>
    <source.uri>CreatePurchaseOrder/NotificationService.ACT12946768341790</source.uri>
    <target.uri>BPM-NotificationService</target.uri>
  </wire>
  <wire>
    <source.uri>CreatePurchaseOrder/NotificationService.ACT12975213039630</source.uri>
    <target.uri>BPM-NotificationService</target.uri>
  </wire>
  <wire>
    <source.uri>CreatePurchaseOrder/NotificationService.ACT12985118709054</source.uri>
    <target.uri>BPM-NotificationService</target.uri>
  </wire>
  <wire>
    <source.uri>CreatePurchaseOrder/NotificationService.ACT12985204801259</source.uri>
    <target.uri>BPM-NotificationService</target.uri>
  </wire>
  <wire>
    <source.uri>CreatePurchaseOrder/NotificationService.ACT12985278791122</source.uri>
    <target.uri>BPM-NotificationService</target.uri>
  </wire>
  <wire>
    <source.uri>CreatePurchaseOrder/NotificationService.ACT12985319050065</source.uri>
    <target.uri>BPM-NotificationService</target.uri>
  </wire>
  <wire>
    <source.uri>CreatePurchaseOrder/NotificationService.ACT12985366016812</source.uri>
    <target.uri>BPM-NotificationService</target.uri>
  </wire>
  <wire>
    <source.uri>ContractProcess/Services.Externals.GetReqNo.reference</source.uri>
    <target.uri>GetReqNo</target.uri>
  </wire>
  <wire>
    <source.uri>ContractProcess/HumanTasks.ApproveQuote.reference</source.uri>
    <target.uri>ApproveQuote/TaskService</target.uri>
  </wire>
  <wire>
    <source.uri>ContractProcess/HumanTasks.InitiateQuote.reference</source.uri>
    <target.uri>InitiateQuote/TaskService</target.uri>
  </wire>
  <wire>
    <source.uri>ContractProcess/HumanTasks.StartContract.reference</source.uri>
    <target.uri>StartContract/TaskService</target.uri>
  </wire>
</composite>
