<?xml version="1.0" encoding="UTF-8" standalone="yes"?>
<?oracleBPM version="12.1.3.0.0.00.00" fileRevision="20120601"?>
<processDocumentation xmlns="http://xmlns.oracle.com/bpm/taskMetadataService/processDocumentation">
   <component name="CreatePurchaseOrder">
      <topicDocumentations>
         <topicDocumentation name="CreatePurchaseOrder"/>
         <topicDocumentation name="ACT12670924124840">
            <labels>
               <label locale="en">Purchasing Entry</label>
            </labels>
            <descriptions>
               <description locale="en"></description>
            </descriptions>
         </topicDocumentation>
         <topicDocumentation name="ACT12670937631951">
            <labels>
               <label locale="en">Review Rejected Purchase Request</label>
            </labels>
            <descriptions>
               <description locale="en"></description>
            </descriptions>
         </topicDocumentation>
         <topicDocumentation name="ACT12670995794741">
            <labels>
               <label locale="en">Purchasing Manager Approval</label>
            </labels>
            <descriptions>
               <description locale="en"></description>
            </descriptions>
         </topicDocumentation>
         <topicDocumentation name="ACT12671148595817">
            <labels>
               <label locale="en">Notify User</label>
            </labels>
            <descriptions>
               <description locale="en"></description>
            </descriptions>
         </topicDocumentation>
         <topicDocumentation name="ACT12671152400795">
            <labels>
               <label locale="en">Notify Supervisor</label>
            </labels>
            <descriptions>
               <description locale="en"></description>
            </descriptions>
         </topicDocumentation>
         <topicDocumentation name="ACT12672103812782">
            <labels>
               <label locale="en">VP Approval</label>
            </labels>
            <descriptions>
               <description locale="en"></description>
            </descriptions>
         </topicDocumentation>
         <topicDocumentation name="ACT12672276866543">
            <labels>
               <label locale="en">Notify User</label>
            </labels>
            <descriptions>
               <description locale="en"></description>
            </descriptions>
         </topicDocumentation>
         <topicDocumentation name="ACT12672287804079">
            <labels>
               <label locale="en">Notify Supervisor</label>
            </labels>
            <descriptions>
               <description locale="en"></description>
            </descriptions>
         </topicDocumentation>
         <topicDocumentation name="ACT12672474267516">
            <labels>
               <label locale="en">Exec Approval</label>
            </labels>
            <descriptions>
               <description locale="en"></description>
            </descriptions>
         </topicDocumentation>
         <topicDocumentation name="ACT12672497988281">
            <labels>
               <label locale="en">Enter Into EBS</label>
            </labels>
            <descriptions>
               <description locale="en"></description>
            </descriptions>
         </topicDocumentation>
         <topicDocumentation name="ACT12672544571081">
            <labels>
               <label locale="en">Notify User</label>
            </labels>
            <descriptions>
               <description locale="en"></description>
            </descriptions>
         </topicDocumentation>
         <topicDocumentation name="ACT12672545660835">
            <labels>
               <label locale="en">Notify Supervisor</label>
            </labels>
            <descriptions>
               <description locale="en"></description>
            </descriptions>
         </topicDocumentation>
         <topicDocumentation name="ACT12681339338515">
            <labels>
               <label locale="en">Enter Purchase Request</label>
            </labels>
            <descriptions>
               <description locale="en"></description>
            </descriptions>
         </topicDocumentation>
         <topicDocumentation name="ACT1285545450907">
            <labels>
               <label locale="en">TotalAmount</label>
            </labels>
            <descriptions>
               <description locale="en"></description>
            </descriptions>
         </topicDocumentation>
         <topicDocumentation name="ACT1287796567212">
            <labels>
               <label locale="en">GetReqNo</label>
            </labels>
            <descriptions>
               <description locale="en"></description>
            </descriptions>
         </topicDocumentation>
         <topicDocumentation name="ACT12912470139094">
            <labels>
               <label locale="en">comments from mail</label>
            </labels>
            <descriptions>
               <description locale="en"></description>
            </descriptions>
         </topicDocumentation>
         <topicDocumentation name="ACT12915096421171">
            <labels>
               <label locale="en">comments from mail</label>
            </labels>
            <descriptions>
               <description locale="en"></description>
            </descriptions>
         </topicDocumentation>
         <topicDocumentation name="ACT12915168631760">
            <labels>
               <label locale="en">comments from mail</label>
            </labels>
            <descriptions>
               <description locale="en"></description>
            </descriptions>
         </topicDocumentation>
         <topicDocumentation name="ACT12915240664353">
            <labels>
               <label locale="en">comments from mail</label>
            </labels>
            <descriptions>
               <description locale="en"></description>
            </descriptions>
         </topicDocumentation>
         <topicDocumentation name="ACT1294187938280">
            <labels>
               <label locale="en">User Notification</label>
            </labels>
            <descriptions>
               <description locale="en"></description>
            </descriptions>
         </topicDocumentation>
         <topicDocumentation name="ACT12946768341790">
            <labels>
               <label locale="en">Sccesfull completion</label>
            </labels>
            <descriptions>
               <description locale="en"></description>
            </descriptions>
         </topicDocumentation>
         <topicDocumentation name="ACT12948979700977">
            <labels>
               <label locale="en">get mail for confirmation</label>
            </labels>
            <descriptions>
               <description locale="en"></description>
            </descriptions>
         </topicDocumentation>
         <topicDocumentation name="ACT12975213039630">
            <labels>
               <label locale="en">Supervisor Notification</label>
            </labels>
            <descriptions>
               <description locale="en"></description>
            </descriptions>
         </topicDocumentation>
         <topicDocumentation name="ACT12985118709054">
            <labels>
               <label locale="en">Sccesfull completion</label>
            </labels>
            <descriptions>
               <description locale="en"></description>
            </descriptions>
         </topicDocumentation>
         <topicDocumentation name="ACT12985204801259">
            <labels>
               <label locale="en">Rejection mail</label>
            </labels>
            <descriptions>
               <description locale="en"></description>
            </descriptions>
         </topicDocumentation>
         <topicDocumentation name="ACT12985278791122">
            <labels>
               <label locale="en">Reject mail</label>
            </labels>
            <descriptions>
               <description locale="en"></description>
            </descriptions>
         </topicDocumentation>
         <topicDocumentation name="ACT12985319050065">
            <labels>
               <label locale="en">Reject mail</label>
            </labels>
            <descriptions>
               <description locale="en"></description>
            </descriptions>
         </topicDocumentation>
         <topicDocumentation name="ACT12985366016812">
            <labels>
               <label locale="en">Reject mail</label>
            </labels>
            <descriptions>
               <description locale="en"></description>
            </descriptions>
         </topicDocumentation>
         <topicDocumentation name="EVT12670882022750">
            <labels>
               <label locale="en">Start</label>
            </labels>
         </topicDocumentation>
         <topicDocumentation name="EVT12670882022870">
            <labels>
               <label locale="en">End Rejected PO</label>
            </labels>
         </topicDocumentation>
         <topicDocumentation name="EVT12671231297516">
            <labels>
               <label locale="en">End Esclation</label>
            </labels>
            <descriptions>
               <description locale="en"></description>
            </descriptions>
         </topicDocumentation>
         <topicDocumentation name="EVT12672291958387">
            <labels>
               <label locale="en">End Esclation</label>
            </labels>
            <descriptions>
               <description locale="en"></description>
            </descriptions>
         </topicDocumentation>
         <topicDocumentation name="EVT12672535086267">
            <labels>
               <label locale="en">EBS End </label>
            </labels>
            <descriptions>
               <description locale="en"></description>
            </descriptions>
         </topicDocumentation>
         <topicDocumentation name="EVT12672548458928">
            <labels>
               <label locale="en">End Esclation</label>
            </labels>
            <descriptions>
               <description locale="en"></description>
            </descriptions>
         </topicDocumentation>
         <topicDocumentation name="EVT1294189147931">
            <labels>
               <label locale="en">End</label>
            </labels>
            <descriptions>
               <description locale="en"></description>
            </descriptions>
         </topicDocumentation>
         <topicDocumentation name="EVT12941892619365">
            <labels>
               <label locale="en">End</label>
            </labels>
            <descriptions>
               <description locale="en"></description>
            </descriptions>
         </topicDocumentation>
         <topicDocumentation name="EVT12671140753821">
            <labels>
               <label locale="en">User Esclation Boundary</label>
            </labels>
            <descriptions>
               <description locale="en"></description>
            </descriptions>
         </topicDocumentation>
         <topicDocumentation name="EVT12671145809589">
            <labels>
               <label locale="en">Supervisor Esclation Boundary</label>
            </labels>
            <descriptions>
               <description locale="en"></description>
            </descriptions>
         </topicDocumentation>
         <topicDocumentation name="EVT12672239243394">
            <labels>
               <label locale="en">User Esclation Boundary</label>
            </labels>
            <descriptions>
               <description locale="en"></description>
            </descriptions>
         </topicDocumentation>
         <topicDocumentation name="EVT12672272268514">
            <labels>
               <label locale="en">Supervisor Esclation Boundary</label>
            </labels>
            <descriptions>
               <description locale="en"></description>
            </descriptions>
         </topicDocumentation>
         <topicDocumentation name="EVT12672542445351">
            <labels>
               <label locale="en">User Esclation Boundary</label>
            </labels>
            <descriptions>
               <description locale="en"></description>
            </descriptions>
         </topicDocumentation>
         <topicDocumentation name="EVT12672543028961">
            <labels>
               <label locale="en">Supervisor Esclation Boundary</label>
            </labels>
            <descriptions>
               <description locale="en"></description>
            </descriptions>
         </topicDocumentation>
         <topicDocumentation name="EVT12941872841488">
            <labels>
               <label locale="en">User Esclation</label>
            </labels>
            <descriptions>
               <description locale="en"></description>
            </descriptions>
         </topicDocumentation>
         <topicDocumentation name="EVT12941875808466">
            <labels>
               <label locale="en">SupervisorEsclation</label>
            </labels>
            <descriptions>
               <description locale="en"></description>
            </descriptions>
         </topicDocumentation>
         <topicDocumentation name="GTW12670931897577">
            <labels>
               <label locale="en">Approved ?</label>
            </labels>
            <descriptions>
               <description locale="en"></description>
            </descriptions>
         </topicDocumentation>
         <topicDocumentation name="GTW12670942648675">
            <labels>
               <label locale="en">Resubmit ?</label>
            </labels>
            <descriptions>
               <description locale="en"></description>
            </descriptions>
         </topicDocumentation>
         <topicDocumentation name="GTW12671132494432">
            <labels>
               <label locale="en">Approved ?</label>
            </labels>
            <descriptions>
               <description locale="en"></description>
            </descriptions>
         </topicDocumentation>
         <topicDocumentation name="GTW12672350019570">
            <labels>
               <label locale="en">Approved ?</label>
            </labels>
            <descriptions>
               <description locale="en"></description>
            </descriptions>
         </topicDocumentation>
         <topicDocumentation name="GTW12672514541519">
            <labels>
               <label locale="en">Approved ?</label>
            </labels>
            <descriptions>
               <description locale="en"></description>
            </descriptions>
         </topicDocumentation>
         <topicDocumentation name="GTW12853843220742">
            <labels>
               <label locale="en">AmountValidation</label>
            </labels>
            <descriptions>
               <description locale="en"></description>
            </descriptions>
         </topicDocumentation>
         <topicDocumentation name="GTW12912436491811">
            <labels>
               <label locale="en">Comments ?</label>
            </labels>
            <descriptions>
               <description locale="en"></description>
            </descriptions>
         </topicDocumentation>
         <topicDocumentation name="GTW12915090032997">
            <labels>
               <label locale="en">Comments ?</label>
            </labels>
            <descriptions>
               <description locale="en"></description>
            </descriptions>
         </topicDocumentation>
         <topicDocumentation name="GTW12915166718288">
            <labels>
               <label locale="en">Comments ?</label>
            </labels>
            <descriptions>
               <description locale="en"></description>
            </descriptions>
         </topicDocumentation>
         <topicDocumentation name="GTW12915239337785">
            <labels>
               <label locale="en">comments</label>
            </labels>
            <descriptions>
               <description locale="en"></description>
            </descriptions>
         </topicDocumentation>
         <topicDocumentation name="sf12670882022819"/>
         <topicDocumentation name="sf12670934204023"/>
         <topicDocumentation name="sf12670944173694"/>
         <topicDocumentation name="sf12670944669412"/>
         <topicDocumentation name="sf12670972918115"/>
         <topicDocumentation name="sf12670998862822"/>
         <topicDocumentation name="sf12671134524167"/>
         <topicDocumentation name="sf12671168368691"/>
         <topicDocumentation name="sf1267116967424"/>
         <topicDocumentation name="sf12671233066214"/>
         <topicDocumentation name="sf12671233483110"/>
         <topicDocumentation name="sf12672210963259"/>
         <topicDocumentation name="sf12672290159054"/>
         <topicDocumentation name="sf12672290918936"/>
         <topicDocumentation name="sf12672293003969"/>
         <topicDocumentation name="sf12672293663272"/>
         <topicDocumentation name="sf12672351167128"/>
         <topicDocumentation name="sf12672360283113"/>
         <topicDocumentation name="sf12672516381318"/>
         <topicDocumentation name="sf12672528177663"/>
         <topicDocumentation name="sf12672546768666"/>
         <topicDocumentation name="sf12672547894988"/>
         <topicDocumentation name="sf1267255016729"/>
         <topicDocumentation name="sf12672550532836"/>
         <topicDocumentation name="sf12681340809252"/>
         <topicDocumentation name="sf1285384561143"/>
         <topicDocumentation name="sf1285545961802"/>
         <topicDocumentation name="sf12877966972666"/>
         <topicDocumentation name="sf12912446457459"/>
         <topicDocumentation name="sf12912476007165"/>
         <topicDocumentation name="sf12912478524358"/>
         <topicDocumentation name="sf12915091547010"/>
         <topicDocumentation name="sf12915117439984"/>
         <topicDocumentation name="sf12915118896841"/>
         <topicDocumentation name="sf12915168073637"/>
         <topicDocumentation name="sf12915171894940"/>
         <topicDocumentation name="sf12915174400175"/>
         <topicDocumentation name="sf12915240207418"/>
         <topicDocumentation name="sf12915246340746"/>
         <topicDocumentation name="sf12915248332772"/>
         <topicDocumentation name="sf12941882760461"/>
         <topicDocumentation name="sf12941889982111"/>
         <topicDocumentation name="sf12941893742450"/>
         <topicDocumentation name="sf12975227358062"/>
         <topicDocumentation name="sf12984985350447"/>
         <topicDocumentation name="sf12984986863558"/>
         <topicDocumentation name="sf12985003468654"/>
         <topicDocumentation name="sf12985012648647"/>
         <topicDocumentation name="sf12985130745316"/>
         <topicDocumentation name="sf12985258960022">
            <labels>
               <label locale="en"></label>
            </labels>
            <descriptions>
               <description locale="en"></description>
            </descriptions>
         </topicDocumentation>
         <topicDocumentation name="sf12985264745694"/>
         <topicDocumentation name="sf12985283580294">
            <labels>
               <label locale="en"></label>
            </labels>
            <descriptions>
               <description locale="en"></description>
            </descriptions>
         </topicDocumentation>
         <topicDocumentation name="sf12985288005582"/>
         <topicDocumentation name="sf12985353655031">
            <labels>
               <label locale="en"></label>
            </labels>
            <descriptions>
               <description locale="en"></description>
            </descriptions>
         </topicDocumentation>
         <topicDocumentation name="sf12985357222688"/>
         <topicDocumentation name="sf12985376619188">
            <labels>
               <label locale="en"></label>
            </labels>
            <descriptions>
               <description locale="en"></description>
            </descriptions>
         </topicDocumentation>
         <topicDocumentation name="sf12985378751591"/>
      </topicDocumentations>
   </component>
</processDocumentation>