<?xml version="1.0" encoding="windows-1252" ?>
<!DOCTYPE ViewObject SYSTEM "jbo_03_01.dtd">
<!---->
<ViewObject
  xmlns="http://xmlns.oracle.com/bc4j"
  Name="ContractDocumentView"
  Version="12.1.3.10.8"
  InheritPersonalization="merge"
  BindingStyle="OracleName"
  CustomQuery="true"
  PageIterMode="Full">
  <DesignTime>
    <Attr Name="_isExpertMode" Value="true"/>
  </DesignTime>
  <Properties>
    <SchemaBasedProperties>
      <LABEL
        ResId="model.ContractDocumentView_LABEL"/>
    </SchemaBasedProperties>
  </Properties>
  <SQLQuery><![CDATA[select * from contract_document]]></SQLQuery>
  <ViewAttribute
    Name="ContractId"
    IsUpdateable="false"
    IsPersistent="false"
    PrecisionRule="true"
    Precision="255"
    Type="java.lang.String"
    ColumnType="VARCHAR2"
    AliasName="CONTRACT_ID"
    Expression="CONTRACT_ID"
    SQLType="VARCHAR">
    <DesignTime>
      <Attr Name="_DisplaySize" Value="50"/>
    </DesignTime>
  </ViewAttribute>
  <ViewAttribute
    Name="ContractDoc"
    IsUpdateable="false"
    IsQueriable="false"
    IsPersistent="false"
    PrecisionRule="true"
    Type="oracle.jbo.domain.BlobDomain"
    ColumnType="BLOB"
    AliasName="CONTRACT_DOC"
    Expression="CONTRACT_DOC"
    SQLType="BLOB"/>
  <ViewAttribute
    Name="FileName"
    IsUpdateable="false"
    IsPersistent="false"
    PrecisionRule="true"
    Precision="4000"
    Type="java.lang.String"
    ColumnType="VARCHAR2"
    AliasName="FILE_NAME"
    Expression="FILE_NAME"
    SQLType="VARCHAR">
    <DesignTime>
      <Attr Name="_DisplaySize" Value="4000"/>
    </DesignTime>
  </ViewAttribute>
  <ResourceBundle>
    <PropertiesBundle
      PropertiesFile="model.ModelBundle"/>
  </ResourceBundle>
</ViewObject>
