<?xml version="1.0" encoding="windows-1252" ?>
<!DOCTYPE ViewObject SYSTEM "jbo_03_01.dtd">
<!---->
<ViewObject
  xmlns="http://xmlns.oracle.com/bc4j"
  Name="socVo"
  Version="12.1.3.10.8"
  InheritPersonalization="merge"
  BindingStyle="OracleName"
  CustomQuery="true"
  ComponentClass="model.socVoImpl"
  PageIterMode="Full">
  <DesignTime>
    <Attr Name="_codeGenFlag2" Value="Coll|Prog"/>
    <Attr Name="_isExpertMode" Value="true"/>
  </DesignTime>
  <Properties>
    <SchemaBasedProperties>
      <LABEL
        ResId="model.socVo_LABEL"/>
    </SchemaBasedProperties>
  </Properties>
  <ViewAttribute
    Name="directors"
    IsUpdateable="false"
    IsSelected="false"
    IsPersistent="false"
    PrecisionRule="true"
    Precision="255"
    Type="java.lang.String"
    ColumnType="VARCHAR2"
    AliasName="VIEW_ATTR"
    SQLType="VARCHAR"/>
  <ResourceBundle>
    <PropertiesBundle
      PropertiesFile="model.ModelBundle"/>
  </ResourceBundle>
</ViewObject>
