<?xml version="1.0" encoding="UTF-8" ?>
<JavaBean xmlns="http://xmlns.oracle.com/adfm/beanmodel" version="12.1.3.10.8" id="Input_Contract"
          Package="ViewController_StartContract" BeanClass="ViewController_StartContract.Input_Contract"
          isJavaBased="false">
  <AccessorAttribute id="Contract" IsCollection="true" BeanClass="ViewController_StartContract.Contract_type"
                     CollectionBeanClass="ViewController_StartContract.Contract_type_Contract_Operations">
    <Properties>
      <Property Name="minOccurs" Value="0"/>
      <Property Name="maxOccurs" Value="1"/>
      <Property Name="LABEL" Value="Contract"/>
      <Property Name="nillable" Value="false"/>
      <Property Name="originalName" Value="Contract"/>
      <Property Name="targetNamespace" Value="http://www.contractmanagement.org"/>
    </Properties>
  </AccessorAttribute>
</JavaBean>
