<References xmlns="http://xmlns.oracle.com/adf/jndi">
  <Reference name="Connection1" className="oracle.jdeveloper.db.adapter.DatabaseProvider"
             credentialStoreKey="Connection1" xmlns="">
    <Factory className="oracle.jdevimpl.db.adapter.DatabaseProviderFactory1212"/>
    <RefAddresses>
      <StringRefAddr addrType="sid">
        <Contents>orcl12c</Contents>
      </StringRefAddr>
      <StringRefAddr addrType="subtype">
        <Contents>oraJDBC</Contents>
      </StringRefAddr>
      <StringRefAddr addrType="user">
        <Contents>c##niledb</Contents>
      </StringRefAddr>
      <StringRefAddr addrType="hostname">
        <Contents>192.168.1.149</Contents>
      </StringRefAddr>
      <StringRefAddr addrType="port">
        <Contents>1522</Contents>
      </StringRefAddr>
      <SecureRefAddr addrType="password"/>
      <StringRefAddr addrType="oraDriverType">
        <Contents>thin</Contents>
      </StringRefAddr>
    </RefAddresses>
  </Reference>
</References>