<?xml version="1.0" encoding="UTF-8" ?>
<JavaBean xmlns="http://xmlns.oracle.com/adfm/beanmodel" version="12.1.3.10.8" id="preActionUserStepType"
          Package="ViewController_ApproveQuote" BeanClass="ViewController_ApproveQuote.preActionUserStepType"
          isJavaBased="false">
  <Attribute Name="userStep" Type="java.lang.String">
    <Properties>
      <CustomProperties>
        <Property Name="nextSiblingNamespace" Value="http://xmlns.oracle.com/bpel/workflow/task"/>
        <Property Name="nextSibling" Value="outcome"/>
        <Property Name="minOccurs" Value="1"/>
        <Property Name="maxOccurs" Value="1"/>
        <Property Name="LABEL" Value="User Step"/>
        <Property Name="LeafElement_hint" Value="LeafElement_no_attribute"/>
        <Property Name="nillable" Value="false"/>
        <Property Name="originalName" Value="userStep"/>
        <Property Name="targetNamespace" Value="http://xmlns.oracle.com/bpel/workflow/task"/>
        <Property Name="type" Value="java.lang.String"/>
        <Property Name="enumeration" Value="[VIEW_DETAILS, PROVIDE_COMMENTS]"/>
      </CustomProperties>
    </Properties>
  </Attribute>
  <Attribute Name="outcome" Type="java.lang.String">
    <Properties>
      <CustomProperties>
        <Property Name="minOccurs" Value="1"/>
        <Property Name="maxOccurs" Value="1"/>
        <Property Name="LABEL" Value="Outcome"/>
        <Property Name="LeafElement_hint" Value="LeafElement_no_attribute"/>
        <Property Name="nillable" Value="false"/>
        <Property Name="originalName" Value="outcome"/>
        <Property Name="targetNamespace" Value="http://xmlns.oracle.com/bpel/workflow/task"/>
        <Property Name="type" Value="java.lang.String"/>
      </CustomProperties>
    </Properties>
  </Attribute>
</JavaBean>
