<?xml version="1.0" encoding="windows-1252" ?>
<adfc-config xmlns="http://xmlns.oracle.com/adf/controller" version="1.2">
  <task-flow-definition id="ApproveQuoteTF">
    <default-activity>approvequote</default-activity>
    <data-control-scope>
      <shared/>
    </data-control-scope>
    <managed-bean id="__1">
      <managed-bean-name>ApproveQuote</managed-bean-name>
      <managed-bean-class>com.view.beans.ApproveQuote</managed-bean-class>
      <managed-bean-scope>pageFlow</managed-bean-scope>
    </managed-bean>
    <view id="approvequote">
      <page>/com/fragments/approvequote.jsff</page>
    </view>
    <use-page-fragments/>
  </task-flow-definition>
</adfc-config>
