<?xml version="1.0" encoding="windows-1252" ?>
<adfc-config xmlns="http://xmlns.oracle.com/adf/controller" version="1.2">
  <task-flow-definition id="initiatequoteTF">
    <default-activity>methodCall1</default-activity>
    <data-control-scope>
      <shared/>
    </data-control-scope>
  
    <managed-bean id="__2">
      <managed-bean-name>InitiateQuote</managed-bean-name>
      <managed-bean-class>com.view.beans.InitiateQuote</managed-bean-class>
      <managed-bean-scope>pageFlow</managed-bean-scope>
    </managed-bean>
    <view id="initiatequote">
      <page>/com/fragments/initiatequote.jsff</page>
    </view>
    <method-call id="methodCall1">
      <method>#{pageFlowScope.InitiateQuote.onload}</method>
      <outcome>
        <fixed-outcome>go</fixed-outcome>
      </outcome>
    </method-call>
    <control-flow-rule id="__4">
      <from-activity-id>methodCall1</from-activity-id>
      <control-flow-case id="__5">
        <from-outcome>go</from-outcome>
        <to-activity-id>initiatequote</to-activity-id>
      </control-flow-case>
    </control-flow-rule>
    <use-page-fragments/>
  </task-flow-definition>
</adfc-config>
