<?xml version = '1.0' encoding = 'UTF-8' standalone = 'yes'?>
<jazn-data xmlns:xsi="http://www.w3.org/2001/XMLSchema-instance"
           xsi:noNamespaceSchemaLocation="http://xmlns.oracle.com/oracleas/schema/jazn-data.xsd">
    <jazn-realm default="jazn.com">
        <realm>
            <name>jazn.com</name>
        </realm>
    </jazn-realm>
    <policy-store>
        <applications>
            <application>
                <name>POWorkspace</name>
                <jazn-policy>
                    <grant>
                        <grantee>
                            <principals>
                                <principal>
                                    <class>oracle.security.jps.internal.core.principals.JpsAnonymousRoleImpl</class>
                                    <name>anonymous-role</name>
                                </principal>
                            </principals>
                        </grantee>
                        <permissions>
                            <permission>
                                <class>oracle.adf.share.security.authorization.RegionPermission</class>
                                <name>com.poworkspace.view.pageDefs.loginPageDef</name>
                                <actions>view</actions>
                            </permission>
                        </permissions>
                    </grant>
                    <grant>
                        <grantee>
                            <principals>
                                <principal>
                                    <class>oracle.security.jps.internal.core.principals.JpsAuthenticatedRoleImpl</class>
                                    <name>authenticated-role</name>
                                </principal>
                            </principals>
                        </grantee>
                        <permissions>
                            <permission>
                                <class>oracle.adf.share.security.authorization.RegionPermission</class>
                                <name>com.poworkspace.view.pageDefs.TestPagePageDef</name>
                                <actions>view</actions>
                            </permission>
                            <permission>
                                <class>oracle.adf.controller.security.TaskFlowPermission</class>
                                <name>/WEB-INF/POWorkSpaceTF.xml#POWorkSpaceTF</name>
                                <actions>view</actions>
                            </permission>
                            <permission>
                                <class>oracle.adf.controller.security.TaskFlowPermission</class>
                                <name>/WEB-INF/ProcessIntitiationTF.xml#ProcessIntitiationTF</name>
                                <actions>view</actions>
                            </permission>
                            <permission>
                                <class>oracle.adf.share.security.authorization.RegionPermission</class>
                                <name>viewcontroller.pageDefs.TestHomePageDef</name>
                                <actions>view</actions>
                            </permission>
                            <permission>
                                <class>oracle.adf.share.security.authorization.RegionPermission</class>
                                <name>viewcontroller.pageDefs.testPIPageDef</name>
                                <actions>view</actions>
                            </permission>
                            <permission>
                                <class>oracle.adf.share.security.authorization.RegionPermission</class>
                                <name>viewcontroller.pageDefs.workspaceHomePageDef</name>
                                <actions>view</actions>
                            </permission>
                            <permission>
                                <class>oracle.adf.share.security.authorization.RegionPermission</class>
                                <name>viewcontroller.pageDefs.testPageDef</name>
                                <actions>view</actions>
                            </permission>
                            <permission>
                                <class>oracle.adf.share.security.authorization.RegionPermission</class>
                                <name>viewcontroller.pageDefs.WorkspacePageTemplatePageDef</name>
                                <actions>view</actions>
                            </permission>
                        </permissions>
                    </grant>
                </jazn-policy>
            </application>
        </applications>
    </policy-store>
    <system-policy/>
</jazn-data>
