<?xml version="1.0" encoding="windows-1252" ?>
<adfc-config xmlns="http://xmlns.oracle.com/adf/controller" version="1.2">
  <view id="Empty1_jspx">
    <page>/Empty1.jspx</page>
  </view>
  <control-flow-rule id="__2">
    <from-activity-id>*</from-activity-id>
    <control-flow-case id="__3">
      <from-outcome>done</from-outcome>
      <to-activity-id>Empty1_jspx</to-activity-id>
    </control-flow-case>
    <control-flow-case id="__4">
      <from-outcome>refresh</from-outcome>
      <to-activity-id>Empty1_jspx</to-activity-id>
    </control-flow-case>
    <control-flow-case id="__5">
      <from-outcome>previous</from-outcome>
      <to-activity-id>Empty1_jspx</to-activity-id>
    </control-flow-case>
    <control-flow-case id="__6">
      <from-outcome>next</from-outcome>
      <to-activity-id>Empty1_jspx</to-activity-id>
    </control-flow-case>
    <control-flow-case id="__7">
      <from-outcome>new</from-outcome>
      <to-activity-id>Empty1_jspx</to-activity-id>
    </control-flow-case>
  </control-flow-rule>
  <control-flow-rule id="__8">
    <from-activity-id>*</from-activity-id>
    <control-flow-case id="__9">
      <from-outcome>done</from-outcome>
      <to-activity-id>Empty1_jspx</to-activity-id>
    </control-flow-case>
    <control-flow-case id="__10">
      <from-outcome>refresh</from-outcome>
      <to-activity-id>Empty1_jspx</to-activity-id>
    </control-flow-case>
    <control-flow-case id="__11">
      <from-outcome>previous</from-outcome>
      <to-activity-id>Empty1_jspx</to-activity-id>
    </control-flow-case>
    <control-flow-case id="__12">
      <from-outcome>next</from-outcome>
      <to-activity-id>Empty1_jspx</to-activity-id>
    </control-flow-case>
    <control-flow-case id="__13">
      <from-outcome>new</from-outcome>
      <to-activity-id>Empty1_jspx</to-activity-id>
    </control-flow-case>
  </control-flow-rule>
  <control-flow-rule id="__14">
    <from-activity-id>*</from-activity-id>
    <control-flow-case id="__15">
      <from-outcome>done</from-outcome>
      <to-activity-id>Empty1_jspx</to-activity-id>
    </control-flow-case>
    <control-flow-case id="__16">
      <from-outcome>refresh</from-outcome>
      <to-activity-id>Empty1_jspx</to-activity-id>
    </control-flow-case>
    <control-flow-case id="__17">
      <from-outcome>previous</from-outcome>
      <to-activity-id>Empty1_jspx</to-activity-id>
    </control-flow-case>
    <control-flow-case id="__18">
      <from-outcome>next</from-outcome>
      <to-activity-id>Empty1_jspx</to-activity-id>
    </control-flow-case>
    <control-flow-case id="__19">
      <from-outcome>new</from-outcome>
      <to-activity-id>Empty1_jspx</to-activity-id>
    </control-flow-case>
  </control-flow-rule>
  <managed-bean id="__1">
    <managed-bean-name>loginBean</managed-bean-name>
    <managed-bean-class>com.poworkspace.view.beans.Login</managed-bean-class>
    <managed-bean-scope>request</managed-bean-scope>
  </managed-bean>
  <managed-bean id="__20">
    <managed-bean-name>HomeBean</managed-bean-name>
    <managed-bean-class>viewcontroller.HomeBean</managed-bean-class>
    <managed-bean-scope>pageFlow</managed-bean-scope>
  </managed-bean>
</adfc-config>
