<?xml version="1.0" encoding="windows-1252" ?>
<adfc-config xmlns="http://xmlns.oracle.com/adf/controller" version="1.2">
  <task-flow-definition id="POWorkSpaceTF">
    <default-activity>fetchTaskOnLoad</default-activity>
    <data-control-scope>
      <shared/>
    </data-control-scope>
    <input-parameter-definition id="__3">
      <name>refreshParam</name>
      <value>#{pageFlowScope.refreshParam}</value>
      <class>java.lang.String</class>
    </input-parameter-definition>
    <input-parameter-definition id="__4">
      <name>taskId</name>
      <value>#{pageFlowScope.taskId}</value>
      <class>java.lang.String</class>
    </input-parameter-definition>
    <input-parameter-definition id="__6">
      <name>viewType</name>
      <value>#{pageFlowScope.viewTypw}</value>
      <class>java.lang.String</class>
    </input-parameter-definition>
    <managed-bean id="__5">
      <managed-bean-name>PoWorkSpaceBean</managed-bean-name>
      <managed-bean-class>com.poworkspace.view.beans.PoWorkSpaceBean</managed-bean-class>
      <managed-bean-scope>pageFlow</managed-bean-scope>
    </managed-bean>
    <method-call id="fetchTaskOnLoad">
      <method>#{pageFlowScope.PoWorkSpaceBean.fetchTaskOnLoad}</method>
      <outcome>
        <fixed-outcome>go</fixed-outcome>
      </outcome>
    </method-call>
    <view id="PoWorkSpacePage">
      <page>/pages/PoWorkSpacePage.jsff</page>
    </view>
    <control-flow-rule id="__1">
      <from-activity-id>fetchTaskOnLoad</from-activity-id>
      <control-flow-case id="__2">
        <from-outcome>go</from-outcome>
        <to-activity-id>PoWorkSpacePage</to-activity-id>
      </control-flow-case>
    </control-flow-rule>
    <use-page-fragments/>
  </task-flow-definition>
</adfc-config>
