<?xml version="1.0" encoding="windows-1252" ?>
<adfc-config xmlns="http://xmlns.oracle.com/adf/controller" version="1.2">
  <task-flow-definition id="ProcessIntitiationTF">
    <default-activity>fetchTaskListOnLoad</default-activity>
    <data-control-scope>
      <shared/>
    </data-control-scope>
    <input-parameter-definition id="__4">
      <name>RenderView</name>
      <value>#{pageFlowScope.RenderView}</value>
      <class>java.lang.String</class>
    </input-parameter-definition>
    <managed-bean id="__1">
      <managed-bean-name>PoInitiationBean</managed-bean-name>
      <managed-bean-class>com.poworkspace.view.beans.PoInitiationBean</managed-bean-class>
      <managed-bean-scope>pageFlow</managed-bean-scope>
    </managed-bean>
    <method-call id="fetchTaskListOnLoad">
      <method>#{pageFlowScope.PoInitiationBean.fetchInitiatableProcessList}</method>
      <outcome>
        <fixed-outcome>go</fixed-outcome>
      </outcome>
    </method-call>
    <view id="ProcessInitiationView">
      <page>/pages/ProcessInitiation.jsff</page>
    </view>
    <control-flow-rule id="__2">
      <from-activity-id>fetchTaskListOnLoad</from-activity-id>
      <control-flow-case id="__3">
        <from-outcome>go</from-outcome>
        <to-activity-id>ProcessInitiationView</to-activity-id>
      </control-flow-case>
    </control-flow-rule>
    <use-page-fragments/>
  </task-flow-definition>
</adfc-config>
