<?xml version="1.0" encoding="UTF-8"?>
<dgm:gDiagram xmlns:dgm="http://xmlns.oracle.com/sca/soadgm">
    <dgm:gService name="client">
        <dgm:body borderWidth="2" arcRad="20" X="21" Y="228" width="137" height="168">
            <dgm:borderColor r="153" g="153" b="153"/>
            <dgm:bgColor r="255" g="255" b="255"/>
        </dgm:body>
        <dgm:shadow arcRad="20" X="11" Y="221" width="156" height="182">
            <dgm:bgColor r="196" g="228" b="240"/>
        </dgm:shadow>
        <dgm:outputPort name="client" X="127" Y="0" diameter="20" imageURI="oracle/tip/tools/ide/fabric/resource/image/visuals_rd1/servicereference.png" interface="http://xmlns.oracle.com/bpel/workflow/taskService#wsdl.interface(TaskService)" callbackInterface="http://xmlns.oracle.com/bpel/workflow/taskService#wsdl.interface(TaskServiceCallback)"/>
        <dgm:nodeIcon URI="/oracle/tip/tools/ide/adapters/designtime/adapter/images/soap_service_20x20.png" X="20" Y="4" width="20" height="20"/>
        <dgm:operations>
            <dgm:item>initiateTask</dgm:item>
            <dgm:item>reinitiateTask</dgm:item>
            <dgm:item>overrideRoutingSlip</dgm:item>
            <dgm:item>skipCurrentAssignment</dgm:item>
            <dgm:item>updateTask</dgm:item>
            <dgm:item>mergeAndUpdateTask</dgm:item>
            <dgm:item>submitInfoForTask</dgm:item>
            <dgm:item>getUsersToRequestInfoForTask</dgm:item>
            <dgm:item>getFutureParticipants</dgm:item>
            <dgm:item>getApprovers</dgm:item>
            <dgm:item>escalateTask</dgm:item>
            <dgm:item>escalateTasks</dgm:item>
            <dgm:item>withdrawTask</dgm:item>
            <dgm:item>withdrawTasks</dgm:item>
            <dgm:item>suspendTask</dgm:item>
            <dgm:item>suspendTasks</dgm:item>
            <dgm:item>resumeTask</dgm:item>
            <dgm:item>resumeTasks</dgm:item>
            <dgm:item>acquireTask</dgm:item>
            <dgm:item>acquireTasks</dgm:item>
            <dgm:item>releaseTask</dgm:item>
            <dgm:item>releaseTasks</dgm:item>
            <dgm:item>reassignTask</dgm:item>
            <dgm:item>reassignTasks</dgm:item>
            <dgm:item>routeTask</dgm:item>
            <dgm:item>pushBackTask</dgm:item>
            <dgm:item>delegateTask</dgm:item>
            <dgm:item>delegateTasks</dgm:item>
            <dgm:item>errorTask</dgm:item>
            <dgm:item>addComment</dgm:item>
            <dgm:item>addCommentToTasks</dgm:item>
            <dgm:item>addAttachment</dgm:item>
            <dgm:item>removeAttachment</dgm:item>
            <dgm:item>addDocument</dgm:item>
            <dgm:item>removeDocument</dgm:item>
            <dgm:item>renewTask</dgm:item>
            <dgm:item>updateTaskOutcome</dgm:item>
            <dgm:item>updateOutcomeOfTasks</dgm:item>
            <dgm:item>updateTaskOutcomeAndRoute</dgm:item>
            <dgm:item>requestInfoForTask</dgm:item>
            <dgm:item>requestInfoForTaskWithReapproval</dgm:item>
            <dgm:item>createToDoTask</dgm:item>
            <dgm:item>deleteTask</dgm:item>
            <dgm:item>deleteTasks</dgm:item>
            <dgm:item>purgeTask</dgm:item>
            <dgm:item>purgeTasks</dgm:item>
            <dgm:item>setTaskSequenceChanges</dgm:item>
            <dgm:item>restartRootTask</dgm:item>
            <dgm:item>prepareForRestartRootTask</dgm:item>
            <dgm:item>reevaluateTask</dgm:item>
            <dgm:item>updatePriority</dgm:item>
            <dgm:item>updatePriorityOfTasks</dgm:item>
            <dgm:item>suspendTimers</dgm:item>
            <dgm:item>resumeTimers</dgm:item>
            <dgm:item>decomposeTask</dgm:item>
            <dgm:item>updateTasksByCommands</dgm:item>
            <dgm:item>onTaskCompleted</dgm:item>
            <dgm:item>onTaskAssigned</dgm:item>
            <dgm:item>onTaskUpdated</dgm:item>
            <dgm:item>onSubTaskUpdated</dgm:item>
            <dgm:item>onStageCompleted</dgm:item>
        </dgm:operations>
    </dgm:gService>
    <dgm:gService name="client_2">
        <dgm:body borderWidth="2" arcRad="20" X="21" Y="26" width="137" height="168">
            <dgm:borderColor r="153" g="153" b="153"/>
            <dgm:bgColor r="255" g="255" b="255"/>
        </dgm:body>
        <dgm:shadow arcRad="20" X="11" Y="19" width="156" height="182">
            <dgm:bgColor r="196" g="228" b="240"/>
        </dgm:shadow>
        <dgm:outputPort name="client_2" X="127" Y="0" diameter="20" imageURI="oracle/tip/tools/ide/fabric/resource/image/visuals_rd1/servicereference.png" interface="http://xmlns.oracle.com/bpel/workflow/taskService#wsdl.interface(TaskService)" callbackInterface="http://xmlns.oracle.com/bpel/workflow/taskService#wsdl.interface(TaskServiceCallback)"/>
        <dgm:nodeIcon URI="/oracle/tip/tools/ide/adapters/designtime/adapter/images/soap_service_20x20.png" X="20" Y="4" width="20" height="20"/>
        <dgm:operations>
            <dgm:item>initiateTask</dgm:item>
            <dgm:item>reinitiateTask</dgm:item>
            <dgm:item>overrideRoutingSlip</dgm:item>
            <dgm:item>skipCurrentAssignment</dgm:item>
            <dgm:item>updateTask</dgm:item>
            <dgm:item>mergeAndUpdateTask</dgm:item>
            <dgm:item>submitInfoForTask</dgm:item>
            <dgm:item>getUsersToRequestInfoForTask</dgm:item>
            <dgm:item>getFutureParticipants</dgm:item>
            <dgm:item>getApprovers</dgm:item>
            <dgm:item>escalateTask</dgm:item>
            <dgm:item>escalateTasks</dgm:item>
            <dgm:item>withdrawTask</dgm:item>
            <dgm:item>withdrawTasks</dgm:item>
            <dgm:item>suspendTask</dgm:item>
            <dgm:item>suspendTasks</dgm:item>
            <dgm:item>resumeTask</dgm:item>
            <dgm:item>resumeTasks</dgm:item>
            <dgm:item>acquireTask</dgm:item>
            <dgm:item>acquireTasks</dgm:item>
            <dgm:item>releaseTask</dgm:item>
            <dgm:item>releaseTasks</dgm:item>
            <dgm:item>reassignTask</dgm:item>
            <dgm:item>reassignTasks</dgm:item>
            <dgm:item>routeTask</dgm:item>
            <dgm:item>pushBackTask</dgm:item>
            <dgm:item>delegateTask</dgm:item>
            <dgm:item>delegateTasks</dgm:item>
            <dgm:item>errorTask</dgm:item>
            <dgm:item>addComment</dgm:item>
            <dgm:item>addCommentToTasks</dgm:item>
            <dgm:item>addAttachment</dgm:item>
            <dgm:item>removeAttachment</dgm:item>
            <dgm:item>addDocument</dgm:item>
            <dgm:item>removeDocument</dgm:item>
            <dgm:item>renewTask</dgm:item>
            <dgm:item>updateTaskOutcome</dgm:item>
            <dgm:item>updateOutcomeOfTasks</dgm:item>
            <dgm:item>updateTaskOutcomeAndRoute</dgm:item>
            <dgm:item>requestInfoForTask</dgm:item>
            <dgm:item>requestInfoForTaskWithReapproval</dgm:item>
            <dgm:item>createToDoTask</dgm:item>
            <dgm:item>deleteTask</dgm:item>
            <dgm:item>deleteTasks</dgm:item>
            <dgm:item>purgeTask</dgm:item>
            <dgm:item>purgeTasks</dgm:item>
            <dgm:item>setTaskSequenceChanges</dgm:item>
            <dgm:item>restartRootTask</dgm:item>
            <dgm:item>prepareForRestartRootTask</dgm:item>
            <dgm:item>reevaluateTask</dgm:item>
            <dgm:item>updatePriority</dgm:item>
            <dgm:item>updatePriorityOfTasks</dgm:item>
            <dgm:item>suspendTimers</dgm:item>
            <dgm:item>resumeTimers</dgm:item>
            <dgm:item>decomposeTask</dgm:item>
            <dgm:item>updateTasksByCommands</dgm:item>
            <dgm:item>onTaskCompleted</dgm:item>
            <dgm:item>onTaskAssigned</dgm:item>
            <dgm:item>onTaskUpdated</dgm:item>
            <dgm:item>onSubTaskUpdated</dgm:item>
            <dgm:item>onStageCompleted</dgm:item>
        </dgm:operations>
    </dgm:gService>
    <dgm:gReference name="BPM-NotificationService">
        <dgm:body borderWidth="2" arcRad="20" X="776" Y="318" width="136" height="168">
            <dgm:borderColor r="153" g="153" b="153"/>
            <dgm:bgColor r="255" g="255" b="255"/>
        </dgm:body>
        <dgm:shadow arcRad="20" X="766" Y="311" width="156" height="182">
            <dgm:bgColor r="196" g="228" b="240"/>
        </dgm:shadow>
        <dgm:inputPort name="BPM-NotificationService" X="-10" Y="0" diameter="20" imageURI="oracle/tip/tools/ide/fabric/resource/image/visuals_rd1/servicereference.png" interface="http://xmlns.oracle.com/ias/pcbpel/NotificationService#wsdl.interface(NotificationService)"/>
        <dgm:nodeIcon URI="/oracle/tip/tools/ide/adapters/designtime/adapter/images/soap_service_20x20.png" X="27" Y="4" width="20" height="20"/>
        <dgm:operations>
            <dgm:item>sendIMNotification</dgm:item>
            <dgm:item>sendFaxNotification</dgm:item>
            <dgm:item>sendVoiceNotification</dgm:item>
            <dgm:item>sendSMSNotification</dgm:item>
            <dgm:item>sendPagerNotification</dgm:item>
            <dgm:item>sendURINotification</dgm:item>
            <dgm:item>sendEmailNotification</dgm:item>
            <dgm:item>sendNotificationToUser</dgm:item>
            <dgm:item>sendNotificationToGroup</dgm:item>
        </dgm:operations>
    </dgm:gReference>
    <dgm:gComponent name="EditableHumanTask">
        <dgm:body borderWidth="2" arcRad="20" X="454" Y="246" width="130" height="86">
            <dgm:borderColor r="109" g="136" b="65"/>
            <dgm:lightBgColor r="201" g="224" b="155"/>
            <dgm:darkBgColor r="157" g="195" b="93"/>
        </dgm:body>
        <dgm:shadow arcRad="20" X="444" Y="239" width="150" height="102">
            <dgm:bgColor r="196" g="228" b="240"/>
        </dgm:shadow>
        <dgm:inputPort name="client" X="-10" Y="15" diameter="20" imageURI="oracle/tip/tools/ide/fabric/resource/image/visuals_rd1/servicereference.png" interface="http://xmlns.oracle.com/bpel/workflow/taskService#wsdl.interface(TaskService)" callbackInterface="http://xmlns.oracle.com/bpel/workflow/taskService#wsdl.interface(TaskServiceCallback)"/>
        <dgm:inputPort name="TaskService" X="-10" Y="40" diameter="20" imageURI="oracle/tip/tools/ide/fabric/resource/image/visuals_rd1/servicereference.png" interface="http://xmlns.oracle.com/bpel/workflow/taskService#wsdl.interface(TaskService)" callbackInterface="http://xmlns.oracle.com/bpel/workflow/taskService#wsdl.interface(TaskServiceCallback)"/>
        <dgm:nodeIcon URI="/oracle/tip/tools/ide/workflow/resources/images/humantask_20x20.png" X="10" Y="4" width="20" height="20"/>
    </dgm:gComponent>
    <dgm:gComponent name="NonEditableHumantask">
        <dgm:body borderWidth="2" arcRad="20" X="454" Y="126" width="130" height="86">
            <dgm:borderColor r="109" g="136" b="65"/>
            <dgm:lightBgColor r="201" g="224" b="155"/>
            <dgm:darkBgColor r="157" g="195" b="93"/>
        </dgm:body>
        <dgm:shadow arcRad="20" X="444" Y="119" width="150" height="102">
            <dgm:bgColor r="196" g="228" b="240"/>
        </dgm:shadow>
        <dgm:inputPort name="client" X="-10" Y="15" diameter="20" imageURI="oracle/tip/tools/ide/fabric/resource/image/visuals_rd1/servicereference.png" interface="http://xmlns.oracle.com/bpel/workflow/taskService#wsdl.interface(TaskService)" callbackInterface="http://xmlns.oracle.com/bpel/workflow/taskService#wsdl.interface(TaskServiceCallback)"/>
        <dgm:inputPort name="TaskService" X="-10" Y="40" diameter="20" imageURI="oracle/tip/tools/ide/fabric/resource/image/visuals_rd1/servicereference.png" interface="http://xmlns.oracle.com/bpel/workflow/taskService#wsdl.interface(TaskService)" callbackInterface="http://xmlns.oracle.com/bpel/workflow/taskService#wsdl.interface(TaskServiceCallback)"/>
        <dgm:nodeIcon URI="/oracle/tip/tools/ide/workflow/resources/images/humantask_20x20.png" X="10" Y="4" width="20" height="20"/>
    </dgm:gComponent>
    <dgm:gComponent name="CreatePurchaseOrder">
        <dgm:body borderWidth="2" arcRad="20" X="226" Y="280" width="130" height="261">
            <dgm:borderColor r="69" g="113" b="140"/>
            <dgm:lightBgColor r="166" g="208" b="230"/>
            <dgm:darkBgColor r="99" g="162" b="201"/>
        </dgm:body>
        <dgm:shadow arcRad="20" X="216" Y="273" width="150" height="277">
            <dgm:bgColor r="196" g="228" b="240"/>
        </dgm:shadow>
        <dgm:outputPort name="HumanTasks.NonEditableHumantask.reference" X="120" Y="15" diameter="20" imageURI="oracle/tip/tools/ide/fabric/resource/image/visuals_rd1/servicereference.png" interface="http://xmlns.oracle.com/bpel/workflow/taskService#wsdl.interface(TaskService)" callbackInterface="http://xmlns.oracle.com/bpel/workflow/taskService#wsdl.interface(TaskServiceCallback)"/>
        <dgm:outputPort name="HumanTasks.EditableHumanTask.reference" X="120" Y="40" diameter="20" imageURI="oracle/tip/tools/ide/fabric/resource/image/visuals_rd1/servicereference.png" interface="http://xmlns.oracle.com/bpel/workflow/taskService#wsdl.interface(TaskService)" callbackInterface="http://xmlns.oracle.com/bpel/workflow/taskService#wsdl.interface(TaskServiceCallback)"/>
        <dgm:outputPort name="NotificationService.ACT12671148595817" X="120" Y="65" diameter="20" imageURI="oracle/tip/tools/ide/fabric/resource/image/visuals_rd1/servicereference.png" interface="http://xmlns.oracle.com/ias/pcbpel/NotificationService#wsdl.interface(NotificationService)"/>
        <dgm:outputPort name="NotificationService.ACT12671152400795" X="120" Y="90" diameter="20" imageURI="oracle/tip/tools/ide/fabric/resource/image/visuals_rd1/servicereference.png" interface="http://xmlns.oracle.com/ias/pcbpel/NotificationService#wsdl.interface(NotificationService)"/>
        <dgm:outputPort name="NotificationService.ACT12672276866543" X="120" Y="115" diameter="20" imageURI="oracle/tip/tools/ide/fabric/resource/image/visuals_rd1/servicereference.png" interface="http://xmlns.oracle.com/ias/pcbpel/NotificationService#wsdl.interface(NotificationService)"/>
        <dgm:outputPort name="NotificationService.ACT12672287804079" X="120" Y="140" diameter="20" imageURI="oracle/tip/tools/ide/fabric/resource/image/visuals_rd1/servicereference.png" interface="http://xmlns.oracle.com/ias/pcbpel/NotificationService#wsdl.interface(NotificationService)"/>
        <dgm:outputPort name="NotificationService.ACT12672544571081" X="120" Y="165" diameter="20" imageURI="oracle/tip/tools/ide/fabric/resource/image/visuals_rd1/servicereference.png" interface="http://xmlns.oracle.com/ias/pcbpel/NotificationService#wsdl.interface(NotificationService)"/>
        <dgm:outputPort name="NotificationService.ACT12672545660835" X="120" Y="190" diameter="20" imageURI="oracle/tip/tools/ide/fabric/resource/image/visuals_rd1/servicereference.png" interface="http://xmlns.oracle.com/ias/pcbpel/NotificationService#wsdl.interface(NotificationService)"/>
        <dgm:outputPort name="HumanTasks.InitiatorHumanTask.reference" X="120" Y="215" diameter="20" imageURI="oracle/tip/tools/ide/fabric/resource/image/visuals_rd1/servicereference.png" interface="http://xmlns.oracle.com/bpel/workflow/taskService#wsdl.interface(TaskService)" callbackInterface="http://xmlns.oracle.com/bpel/workflow/taskService#wsdl.interface(TaskServiceCallback)"/>
        <dgm:nodeIcon URI="/oracle/bpm/fusion/soa/msg/images/bpmncomponent20x20.png" X="10" Y="4" width="20" height="20"/>
    </dgm:gComponent>
    <dgm:gComponent name="InitiatorHumanTask">
        <dgm:body borderWidth="2" arcRad="20" X="454" Y="480" width="130" height="61">
            <dgm:borderColor r="109" g="136" b="65"/>
            <dgm:lightBgColor r="201" g="224" b="155"/>
            <dgm:darkBgColor r="157" g="195" b="93"/>
        </dgm:body>
        <dgm:shadow arcRad="20" X="444" Y="473" width="150" height="77">
            <dgm:bgColor r="196" g="228" b="240"/>
        </dgm:shadow>
        <dgm:inputPort name="TaskService" X="-10" Y="15" diameter="20" imageURI="oracle/tip/tools/ide/fabric/resource/image/visuals_rd1/servicereference.png" interface="http://xmlns.oracle.com/bpel/workflow/taskService#wsdl.interface(TaskService)" callbackInterface="http://xmlns.oracle.com/bpel/workflow/taskService#wsdl.interface(TaskServiceCallback)"/>
        <dgm:nodeIcon URI="/oracle/tip/tools/ide/workflow/resources/images/humantask_20x20.png" X="10" Y="4" width="20" height="20"/>
    </dgm:gComponent>
    <dgm:gWireLink source="client" target="EditableHumanTask/client" width="2">
        <dgm:gSegment X1="168" Y1="238" X2="405" Y2="238"/>
        <dgm:gSegment X1="405" Y1="238" X2="405" Y2="271"/>
        <dgm:gSegment X1="405" Y1="271" X2="444" Y2="271"/>
        <dgm:baseColor r="153" g="153" b="153"/>
        <dgm:selectedColor r="49" g="106" b="196"/>
    </dgm:gWireLink>
    <dgm:gWireLink source="client_2" target="NonEditableHumantask/client" width="2">
        <dgm:gSegment X1="168" Y1="36" X2="390" Y2="36"/>
        <dgm:gSegment X1="390" Y1="36" X2="390" Y2="151"/>
        <dgm:gSegment X1="390" Y1="151" X2="444" Y2="151"/>
        <dgm:baseColor r="153" g="153" b="153"/>
        <dgm:selectedColor r="49" g="106" b="196"/>
    </dgm:gWireLink>
    <dgm:gWireLink source="CreatePurchaseOrder/HumanTasks.NonEditableHumantask.reference" target="NonEditableHumantask/TaskService" width="2">
        <dgm:gSegment X1="366" Y1="305" X2="390" Y2="305"/>
        <dgm:gSegment X1="390" Y1="305" X2="390" Y2="176"/>
        <dgm:gSegment X1="390" Y1="176" X2="444" Y2="176"/>
        <dgm:baseColor r="153" g="153" b="153"/>
        <dgm:selectedColor r="49" g="106" b="196"/>
    </dgm:gWireLink>
    <dgm:gWireLink source="CreatePurchaseOrder/HumanTasks.EditableHumanTask.reference" target="EditableHumanTask/TaskService" width="2">
        <dgm:gSegment X1="366" Y1="330" X2="405" Y2="330"/>
        <dgm:gSegment X1="405" Y1="330" X2="405" Y2="296"/>
        <dgm:gSegment X1="405" Y1="296" X2="444" Y2="296"/>
        <dgm:baseColor r="153" g="153" b="153"/>
        <dgm:selectedColor r="49" g="106" b="196"/>
    </dgm:gWireLink>
    <dgm:gWireLink source="CreatePurchaseOrder/NotificationService.ACT12671148595817" target="BPM-NotificationService" width="2">
        <dgm:gSegment X1="366" Y1="355" X2="390" Y2="355"/>
        <dgm:gSegment X1="390" Y1="355" X2="390" Y2="358"/>
        <dgm:gSegment X1="390" Y1="358" X2="667" Y2="358"/>
        <dgm:gSegment X1="667" Y1="358" X2="667" Y2="328"/>
        <dgm:gSegment X1="667" Y1="328" X2="766" Y2="328"/>
        <dgm:baseColor r="153" g="153" b="153"/>
        <dgm:selectedColor r="49" g="106" b="196"/>
    </dgm:gWireLink>
    <dgm:gWireLink source="CreatePurchaseOrder/NotificationService.ACT12671152400795" target="BPM-NotificationService" width="2">
        <dgm:gSegment X1="366" Y1="380" X2="682" Y2="380"/>
        <dgm:gSegment X1="682" Y1="380" X2="682" Y2="328"/>
        <dgm:gSegment X1="682" Y1="328" X2="766" Y2="328"/>
        <dgm:baseColor r="153" g="153" b="153"/>
        <dgm:selectedColor r="49" g="106" b="196"/>
    </dgm:gWireLink>
    <dgm:gWireLink source="CreatePurchaseOrder/NotificationService.ACT12672276866543" target="BPM-NotificationService" width="2">
        <dgm:gSegment X1="366" Y1="405" X2="697" Y2="405"/>
        <dgm:gSegment X1="697" Y1="405" X2="697" Y2="328"/>
        <dgm:gSegment X1="697" Y1="328" X2="766" Y2="328"/>
        <dgm:baseColor r="153" g="153" b="153"/>
        <dgm:selectedColor r="49" g="106" b="196"/>
    </dgm:gWireLink>
    <dgm:gWireLink source="CreatePurchaseOrder/NotificationService.ACT12672287804079" target="BPM-NotificationService" width="2">
        <dgm:gSegment X1="366" Y1="430" X2="390" Y2="430"/>
        <dgm:gSegment X1="390" Y1="430" X2="390" Y2="424"/>
        <dgm:gSegment X1="390" Y1="424" X2="712" Y2="424"/>
        <dgm:gSegment X1="712" Y1="424" X2="712" Y2="328"/>
        <dgm:gSegment X1="712" Y1="328" X2="766" Y2="328"/>
        <dgm:baseColor r="153" g="153" b="153"/>
        <dgm:selectedColor r="49" g="106" b="196"/>
    </dgm:gWireLink>
    <dgm:gWireLink source="CreatePurchaseOrder/NotificationService.ACT12672544571081" target="BPM-NotificationService" width="2">
        <dgm:gSegment X1="366" Y1="455" X2="405" Y2="455"/>
        <dgm:gSegment X1="405" Y1="455" X2="405" Y2="439"/>
        <dgm:gSegment X1="405" Y1="439" X2="727" Y2="439"/>
        <dgm:gSegment X1="727" Y1="439" X2="727" Y2="328"/>
        <dgm:gSegment X1="727" Y1="328" X2="766" Y2="328"/>
        <dgm:baseColor r="153" g="153" b="153"/>
        <dgm:selectedColor r="49" g="106" b="196"/>
    </dgm:gWireLink>
    <dgm:gWireLink source="CreatePurchaseOrder/NotificationService.ACT12672545660835" target="BPM-NotificationService" width="2">
        <dgm:gSegment X1="366" Y1="480" X2="420" Y2="480"/>
        <dgm:gSegment X1="420" Y1="480" X2="420" Y2="454"/>
        <dgm:gSegment X1="420" Y1="454" X2="742" Y2="454"/>
        <dgm:gSegment X1="742" Y1="454" X2="742" Y2="328"/>
        <dgm:gSegment X1="742" Y1="328" X2="766" Y2="328"/>
        <dgm:baseColor r="153" g="153" b="153"/>
        <dgm:selectedColor r="49" g="106" b="196"/>
    </dgm:gWireLink>
    <dgm:gWireLink source="CreatePurchaseOrder/HumanTasks.InitiatorHumanTask.reference" target="InitiatorHumanTask/TaskService" width="2">
        <dgm:gSegment X1="366" Y1="505" X2="444" Y2="505"/>
        <dgm:baseColor r="153" g="153" b="153"/>
        <dgm:selectedColor r="49" g="106" b="196"/>
    </dgm:gWireLink>
</dgm:gDiagram>