<?xml version="1.0" encoding="UTF-8" ?>
<JavaBean xmlns="http://xmlns.oracle.com/adfm/beanmodel" version="12.1.3.10.8" id="documentType"
          Package="ViewController_StartContract" BeanClass="ViewController_StartContract.documentType"
          isJavaBased="false">
  <Attribute Name="name" Type="java.lang.String">
    <Properties>
      <CustomProperties>
        <Property Name="nextSiblingNamespace" Value="http://xmlns.oracle.com/bpel/workflow/task"/>
        <Property Name="nextSibling" Value="content"/>
        <Property Name="minOccurs" Value="1"/>
        <Property Name="maxOccurs" Value="1"/>
        <Property Name="LABEL" Value="Name"/>
        <Property Name="LeafElement_hint" Value="LeafElement_no_attribute"/>
        <Property Name="nillable" Value="false"/>
        <Property Name="originalName" Value="name"/>
        <Property Name="targetNamespace" Value="http://xmlns.oracle.com/bpel/workflow/task"/>
        <Property Name="type" Value="java.lang.String"/>
      </CustomProperties>
    </Properties>
  </Attribute>
  <Attribute Name="content" Type="java.lang.String">
    <Properties>
      <CustomProperties>
        <Property Name="nextSiblingNamespace" Value="http://xmlns.oracle.com/bpel/workflow/task"/>
        <Property Name="nextSibling" Value="mimeType"/>
        <Property Name="minOccurs" Value="0"/>
        <Property Name="maxOccurs" Value="1"/>
        <Property Name="LABEL" Value="Content"/>
        <Property Name="LeafElement_hint" Value="LeafElement_no_attribute"/>
        <Property Name="nillable" Value="false"/>
        <Property Name="originalName" Value="content"/>
        <Property Name="targetNamespace" Value="http://xmlns.oracle.com/bpel/workflow/task"/>
        <Property Name="type" Value="java.lang.String"/>
      </CustomProperties>
    </Properties>
  </Attribute>
  <Attribute Name="mimeType" Type="java.lang.String">
    <Properties>
      <CustomProperties>
        <Property Name="nextSiblingNamespace" Value="http://xmlns.oracle.com/bpel/workflow/task"/>
        <Property Name="nextSibling" Value="URI"/>
        <Property Name="minOccurs" Value="0"/>
        <Property Name="maxOccurs" Value="1"/>
        <Property Name="LABEL" Value="Mime Type"/>
        <Property Name="LeafElement_hint" Value="LeafElement_no_attribute"/>
        <Property Name="nillable" Value="false"/>
        <Property Name="originalName" Value="mimeType"/>
        <Property Name="targetNamespace" Value="http://xmlns.oracle.com/bpel/workflow/task"/>
        <Property Name="type" Value="java.lang.String"/>
      </CustomProperties>
    </Properties>
  </Attribute>
  <Attribute Name="URI" Type="java.lang.String">
    <Properties>
      <CustomProperties>
        <Property Name="nextSiblingNamespace" Value="http://xmlns.oracle.com/bpel/workflow/task"/>
        <Property Name="nextSibling" Value="updatedBy"/>
        <Property Name="minOccurs" Value="1"/>
        <Property Name="maxOccurs" Value="1"/>
        <Property Name="LABEL" Value="URI"/>
        <Property Name="LeafElement_hint" Value="LeafElement_no_attribute"/>
        <Property Name="nillable" Value="false"/>
        <Property Name="originalName" Value="URI"/>
        <Property Name="targetNamespace" Value="http://xmlns.oracle.com/bpel/workflow/task"/>
        <Property Name="type" Value="java.lang.String"/>
      </CustomProperties>
    </Properties>
  </Attribute>
  <Attribute Name="updatedBy" Type="java.lang.String">
    <Properties>
      <CustomProperties>
        <Property Name="nextSiblingNamespace" Value="http://xmlns.oracle.com/bpel/workflow/task"/>
        <Property Name="nextSibling" Value="updatedDate"/>
        <Property Name="minOccurs" Value="0"/>
        <Property Name="maxOccurs" Value="1"/>
        <Property Name="LABEL" Value="Updated By"/>
        <Property Name="LeafElement_hint" Value="LeafElement_no_attribute"/>
        <Property Name="nillable" Value="false"/>
        <Property Name="originalName" Value="updatedBy"/>
        <Property Name="targetNamespace" Value="http://xmlns.oracle.com/bpel/workflow/task"/>
        <Property Name="type" Value="java.lang.String"/>
      </CustomProperties>
    </Properties>
  </Attribute>
  <Attribute Name="updatedDate" Type="java.sql.Timestamp">
    <Properties>
      <CustomProperties>
        <Property Name="nextSiblingNamespace" Value="http://xmlns.oracle.com/bpel/workflow/task"/>
        <Property Name="nextSibling" Value="ucmDocumentType"/>
        <Property Name="minOccurs" Value="0"/>
        <Property Name="maxOccurs" Value="1"/>
        <Property Name="LABEL" Value="Updated Date"/>
        <Property Name="LeafElement_hint" Value="LeafElement_no_attribute"/>
        <Property Name="nillable" Value="false"/>
        <Property Name="originalName" Value="updatedDate"/>
        <Property Name="targetNamespace" Value="http://xmlns.oracle.com/bpel/workflow/task"/>
        <Property Name="type" Value="dateTime"/>
      </CustomProperties>
    </Properties>
  </Attribute>
  <Attribute Name="ucmDocumentType" Type="java.lang.String">
    <Properties>
      <CustomProperties>
        <Property Name="nextSiblingNamespace" Value="http://xmlns.oracle.com/bpel/workflow/task"/>
        <Property Name="nextSibling" Value="UUID"/>
        <Property Name="minOccurs" Value="0"/>
        <Property Name="maxOccurs" Value="1"/>
        <Property Name="LABEL" Value="Ucm Document Type"/>
        <Property Name="LeafElement_hint" Value="LeafElement_no_attribute"/>
        <Property Name="nillable" Value="false"/>
        <Property Name="originalName" Value="ucmDocumentType"/>
        <Property Name="targetNamespace" Value="http://xmlns.oracle.com/bpel/workflow/task"/>
        <Property Name="type" Value="java.lang.String"/>
      </CustomProperties>
    </Properties>
  </Attribute>
  <Attribute Name="UUID" Type="java.lang.String">
    <Properties>
      <CustomProperties>
        <Property Name="minOccurs" Value="1"/>
        <Property Name="maxOccurs" Value="1"/>
        <Property Name="LABEL" Value="UUID"/>
        <Property Name="LeafElement_hint" Value="LeafElement_no_attribute"/>
        <Property Name="nillable" Value="false"/>
        <Property Name="originalName" Value="UUID"/>
        <Property Name="targetNamespace" Value="http://xmlns.oracle.com/bpel/workflow/task"/>
        <Property Name="type" Value="java.lang.String"/>
      </CustomProperties>
    </Properties>
  </Attribute>
</JavaBean>
