<?xml version="1.0" encoding="UTF-8" ?>
<JavaBean xmlns="http://xmlns.oracle.com/adfm/beanmodel" version="12.1.3.10.8" id="StartContractPayloadType"
          Package="ViewController_StartContract" BeanClass="ViewController_StartContract.StartContractPayloadType"
          isJavaBased="false">
  <AccessorAttribute id="Input_Contract" IsCollection="true" BeanClass="ViewController_StartContract.Input_Contract"
                     CollectionBeanClass="ViewController_StartContract.Input_Contract_Input_Contract_Operations">
    <Properties>
      <Property Name="minOccurs" Value="1"/>
      <Property Name="maxOccurs" Value="1"/>
      <Property Name="LABEL" Value="Input Contract"/>
      <Property Name="nillable" Value="false"/>
      <Property Name="originalName" Value="Input_Contract"/>
      <Property Name="targetNamespace" Value="http://www.contractmanagement.org"/>
    </Properties>
  </AccessorAttribute>
</JavaBean>
