<?xml version="1.0" encoding="UTF-8" ?>
<pageDefinition xmlns="http://xmlns.oracle.com/adfm/uimodel" version="12.1.3.10.8" id="PoWorkSpacePagePageDef"
                Package="pages">
  <parameters/>
  <executables>
    <variableIterator id="variables"/>
    <iterator Binds="TaskListVO1" RangeSize="25" DataControl="POWorkspaceAppModuleDataControl"
              id="TaskListVO1Iterator" Refresh="always"/>
  </executables>
  <bindings>
    <tree IterBinding="TaskListVO1Iterator" id="TaskListVO1">
      <nodeDefinition DefName="com.poworkspace.view.TaskListVO" Name="TaskListVO10">
        <AttrNames>
          <Item Value="TaskID"/>
          <Item Value="TaskFlowURI"/>
          <Item Value="TaskflowID"/>
          <Item Value="Process"/>
          <Item Value="Title"/>
          <Item Value="Priority"/>
          <Item Value="Assigned"/>
          <Item Value="Assignees"/>
          <Item Value="isNewTask"/>
        </AttrNames>
      </nodeDefinition>
    </tree>
    <tree IterBinding="TaskListVO1Iterator" id="TaskListVO11">
      <nodeDefinition DefName="com.poworkspace.view.TaskListVO" Name="TaskListVO110">
        <AttrNames>
          <Item Value="TaskID"/>
          <Item Value="TaskFlowURI"/>
          <Item Value="TaskflowID"/>
          <Item Value="Process"/>
          <Item Value="Title"/>
          <Item Value="Priority"/>
          <Item Value="Assigned"/>
          <Item Value="Assignees"/>
          <Item Value="isNewTask"/>
        </AttrNames>
      </nodeDefinition>
    </tree>
  </bindings>
</pageDefinition>
