<?xml version="1.0" encoding="UTF-8" ?>
<pageDefinition xmlns="http://xmlns.oracle.com/adfm/uimodel" version="12.1.3.10.8" id="ProcessInitiationPageDef"
                Package="pages">
  <parameters/>
  <executables>
    <variableIterator id="variables"/>
    <iterator Binds="InitiatableProcessVO1" RangeSize="25" DataControl="POWorkspaceAppModuleDataControl"
              id="InitiatableProcessVO1Iterator"/>
  </executables>
  <bindings>
    <tree IterBinding="InitiatableProcessVO1Iterator" id="InitiatableProcessVO1">
      <nodeDefinition DefName="com.poworkspace.view.InitiatableProcessVO" Name="InitiatableProcessVO10">
        <AttrNames>
          <Item Value="ProcessName"/>
          <Item Value="CompositeDN"/>
        </AttrNames>
      </nodeDefinition>
    </tree>
    <eventBinding id="sendViewTypeEventBinding" Listener="javax.faces.event.ActionListener">
      <events xmlns="http://xmlns.oracle.com/adfm/contextualEvent">
        <event name="sendViewType" customPayLoad="#{pageFlowScope.PoInitiationBean.viewType}" eventType="Action Event"/>
      </events>
    </eventBinding>
    <eventBinding id="sendGeneratedTaskIdEventBinding" Listener="javax.faces.event.ActionListener">
      <events xmlns="http://xmlns.oracle.com/adfm/contextualEvent">
        <event name="sendGeneratedTaskId" customPayLoad="#{pageFlowScope.PoInitiationBean.generatedTaskId}" eventType="Action Event"/>
      </events>
    </eventBinding>
  </bindings>
</pageDefinition>
